Workbook

Sheet Spreadsheet_guide
A1: Info about PsyTEC constructs for expression in Psy:
A2: HA tag adds ~1.23kDa to each protein
A3: Opening sequence of all constructs (upstream of promoter):
A4: GCGGCCGCAGTTACCTGGAGTAGTGTTGGC
A5: HA tag sequence (preceeded by 2 amino acid linker, followed by stop, after the final amino acid):
A6: TACCCTTACGATGTTCCTGATTACGCA
A7: Ending sequence (after HA tag finishes):
A8: CAGCCCGCCTAATGAGCGGGCTTTTTTTTGCGCGTAGCAGATGATGACAAGTCGCGGCCGC
A10: Sheet_name | B10: Sheet_description
A11: PsyTEC_alleles | B11: Promoter & nucleotide/amino acid sequence information for all 529 PsyTEC v2.0 constructs; information about immunoblot expression and Arabidopsis Col-0 ETI for both PtoDC3000 and PmaES4326. See Laflamme et al. 2020 and Martel et al. 2022
A12: DC3000 Identical alleles | B12: Promoter & nucleotide/amino acid sequence information for all PtoDC3000 alleles
A13: PsyTEC 96-well plate guide | B13: How PsyTEC (in DH5 alpha on pBBR1MCS-2) is arrayed across six 96-well plates for high-throughput tri-parental matings (stored in Desveaux lab -80). See Martel et al. 2022
A14: Discontinued after v1 | B14: Effector constructs which exist in DH5 alpha (in both pDONR207 and pBBR1MCS-2) and have been mated into PtoDC3000 - but which are no longer considered part of PsyTEC as of v2.0.
A15: Resynthesized&disc. effectors | B15: Effector constructs which exist in DH5 alpha (in both pDONR207 and pBBR1MCS-2) and have been mated into PtoDC3000 - but which were resynthesized due to an incorrect start codon being identified or to include a chaperone.
A16: Never synthesized | B16: This sheet remembers construct #584 (HopB2l), the only PsyTEC construct which was never synthesized due to particular difficulty in the synthesis.
A17: Hrps + helpers | B17: Non-effector constructs which exist in DH5 alpha (in both pDONR207 and pBBR1MCS-2) and have been mated into PtoDC3000 - but which are no longer considered part of PsyTEC as of v2.0.
A25: Notes
A26: 329, HopAX1d | B26: Originally marked as no expression in PtoDC3000 but is ETI-eliciting in same strain. Updated spreadsheet to show as expressing for data manipulation

Sheet PsyTEC_alleles
A1: PsyTEC_ID | B1: Effector | C1: Family | D1: Subfamily | E1: Frequency | F1: Representative_effector | G1: Chaperone | H1: Strain | I1: Contig | J1: hrp_box | K1: CDS | L1: Construct_sequence | M1: Barcode | N1: Construct_length_nuc | O1: CDS_length_nuc | P1: Protein_sequence | Q1: Protein_length_aa | R1: Predicted_MW_kDa | S1: Immunoblot_DC3000 | T1: At_Col0_ETI_DC3000 | U1: Immunoblot_ES4326 | V1: At_Col0_ETI_ES4326 | W1: Cognate_NLR | X1: Notes
A2: 1 | B2: HopX1a | C2: HopX | D2: HopX1 | E2: 102 | F2: PgyICMP10448_HopX1a_1 | J2: GGAACCAACTCGCACGCAAAACCACACA | K2: ATGAGAATTCACAGTGCTGGTCACAGCCTGCCCGCGCCAGGCCCTAGCGTGGAAACCACTGAAAAGGCTGTTCAATCATCATCGGCCCAGAACCCCGCTTCTTGCAGTTCACAAACAGAACGTCCTGAAGCCGGTTCGACTCAAGTGCGACCGAACTACCCTTACTCATCAGTCAAGACACGCTTGCCACCCGTTTCTTCCACAGGGCAGGCCATTTCTGACACGCCATCTTCATTGCCCGGTTACCTGCTGTTACGTCGGCTCGACCGACGTCCACTGGATGAAGACAGTATCAAGGCTCTGGTTCCGGCAGACGAAGCGTTGCGTGAAGCACGCCGCGCGTTGCCCTTCGGCAGGGGCAACATTGATGTGGATGCACAACGTACCCACCTGCAAAGCGGCGCTCGCGCAGTCGCTGCAAAGCGCTTGAGAAAAGATGCCGAGCGCGCTGGCCATGAGCCGATGCCCGAGAATGATGAGATGAACTGGCATGTTCTTGTCGCCATGTCAGGGCAGGTGTTTGGCGCTGGCAACTGTGGCGAACATGCTCGTATAGCAAGCTTCGCTTACGGGGCCCTGGCTCAGGAAAGCGGGCGTAGTCCCCGCGAAAAGATTCATTTGGCCGAGCAGCCCGGAAAAGATCACGTCTGGGCTGAAACGGATAATTCCAGCGCTGGCTCTTCGCCCATCGTCATGGACCCGTGGTCTAACGGCGCAGCCATTTTGGCGGAGGACAGCCGGTTTGCCAAAGATCGCAGTGCGGTAGAGCGAACATATTCATTCACCCTTGCAATGGCAGCTGAAGCCGGCAAGGTTGCGCGTGAAACCGCCGAGAACGTTCTGACCCACACGACAAGCCGTCTGCAGAAACGTCTTGCTGATCAGTTGCCGAACGTCTCACCGCTTGAAGGAGGCCGCTATCAGCCGGAAAAGTCGGTGCTTGATGAGGCGTTCGCCCGACGAGTGAGCGACAAGTTGAATAGTGACGATCCACGGCGTGCGTTGCAGATGGAAATTGAAGCTGTTGGTGTTGCAATGTCGCTGGGTGCCGAAGGCGTCAAGACGGTCGCCCGACAGGCGCCAAAGGTGGTCAGGCAAGCCAGAAGCGTCGCGTCGTCTAAAGGCATGCCTCCACGAAGATAA | L2: GCGGCCGCAGTTACCTGGAGTAGTGTTGGCGTTCGCCTGAGTGGATATCTGTCTGGAACCAACTCGCACGCAAAACCACACAGTTGCCATCCTTCACCACTTGGATGGCAACCATGAGAATTCACAGTGCTGGTCACAGCCTGCCCGCGCCAGGCCCTAGCGTGGAAACCACTGAAAAGGCTGTTCAATCATCATCGGCCCAGAACCCCGCTTCTTGCAGTTCACAAACAGAACGTCCTGAAGCCGGTTCGACTCAAGTGCGACCGAACTACCCTTACTCATCAGTCAAGACACGCTTGCCACCCGTTTCTTCCACAGGGCAGGCCATTTCTGACACGCCATCTTCATTGCCCGGTTACCTGCTGTTACGTCGGCTCGACCGACGTCCACTGGATGAAGACAGTATCAAGGCTCTGGTTCCGGCAGACGAAGCGTTGCGTGAAGCACGCCGCGCGTTGCCCTTCGGCAGGGGCAACATTGATGTGGATGCACAACGTACCCACCTGCAAAGCGGCGCTCGCGCAGTCGCTGCAAAGCGCTTGAGAAAAGATGCCGAGCGCGCTGGCCATGAGCCGATGCCCGAGAATGATGAGATGAACTGGCATGTTCTTGTCGCCATGTCAGGGCAGGTGTTTGGCGCTGGCAACTGTGGCGAACATGCTCGTATAGCAAGCTTCGCTTACGGGGCCCTGGCTCAGGAAAGCGGGCGTAGTCCCCGCGAAAAGATTCATTTGGCCGAGCAGCCCGGAAAAGATCACGTCTGGGCTGAAACGGATAATTCCAGCGCTGGCTCTTCGCCCATCGTCATGGACCCGTGGTCTAACGGCGCAGCCATTTTGGCGGAGGACAGCCGGTTTGCCAAAGATCGCAGTGCGGTAGAGCGAACATATTCATTCACCCTTGCAATGGCAGCTGAAGCCGGCAAGGTTGCGCGTGAAACCGCCGAGAACGTTCTGACCCACACGACAAGCCGTCTGCAGAAACGTCTTGCTGATCAGTTGCCGAACGTCTCACCGCTTGAAGGAGGCCGCTATCAGCCGGAAAAGTCGGTGCTTGATGAGGCGTTCGCCCGACGAGTGAGCGACAAGTTGAATAGTGACGATCCACGGCGTGCGTTGCAGATGGAAATTGAAGCTGTTGGTGTTGCAATGTCGCTGGGTGCCGAAGGCGTCAAGACGGTCGCCCGACAGGCGCCAAAGGTGGTCAGGCAAGCCAGAAGCGTCGCGTCGTCTAAAGGCATGCCTCCACGAAGAGGCGCATACCCTTACGATGTTCCTGATTACGCATAACAAAGCACCAGCCCGCCTAATGAGCGGGCTTTTTTTTGCGCGTAGCAGATGATGACAAGTCGCGGCCGC | M2: CAAAGCAC | N2: =LEN(L2) -> 1358 | O2: =LEN(K2) -> 1143 | P2: MRIHSAGHSLPAPGPSVETTEKAVQSSSAQNPASCSSQTERPEAGSTQVRPNYPYSSVKTRLPPVSSTGQAISDTPSSLPGYLLLRRLDRRPLDEDSIKALVPADEALREARRALPFGRGNIDVDAQRTHLQSGARAVAAKRLRKDAERAGHEPMPENDEMNWHVLVAMSGQVFGAGNCGEHARIASFAYGALAQESGRSPREKIHLAEQPGKDHVWAETDNSSAGSSPIVMDPWSNGAAILAEDSRFAKDRSAVERTYSFTLAMAAEAGKVARETAENVLTHTTSRLQKRLADQLPNVSPLEGGRYQPEKSVLDEAFARRVSDKLNSDDPRRALQMEIEAVGVAMSLGAEGVKTVARQAPKVVRQARSVASSKGMPPRR* | Q2: =(O2-3)/3 -> 380 | R2: 41.00891 | S2: 1 | T2: 0 | U2: 1 | V2: 0
A3: 2 | B3: HopX1c | C3: HopX | D3: HopX1 | E3: 69 | F3: PmpFTRS_U7_HopX1c_1 | J3: GGAACTGACCCGGCCCAAATGACGACATA | K3: ATGAAAATACATAACTCTGGCCTAACCCCACCTTTGCCGGGCATTTCGAATGGAAACGTTGGAAAAGCGGCGCAATCATCAATGACTCAACCGCAGAGCCAACAAGGCTCTCATAGCTTGCCACCAGAAAGCTCTGAGACTCGCCCTGATAGAGCGCGTGCGAACTATCCATATTCATCAGTACAAACACGGTTGCCGCCCGTTGCGTCTGCTGGGAAACCGCTGCCTGATACACCATCTTCTTTGCCCGGCTACTTACTGTTGCGAAGGCTGGACCATCGCCCTGTGGATCAGGAAGGTACCAAAAGTCTGATCCCGGCAGACAAGGCTGTGGCTGAAGCGCGCCGTGCATTGCCCTTTGGAAGAGGCAATATTGATGTGGATGCGCAACTTTCCAATTTGGAAAGTGGAGCCCGCACCCTTGCAGCAAGGTGCTTGAGAAAAGATGCCGAGGCCGCCGGTCATGAGCCGATGCCTGCGAATGAGCCGATGAACTGGCATGTTCTTGTTGCGATGTCAGGACAGGTGTTCGGCGCGGGCAACTGTGGCGAACATGCTCGTATAGCGAGCTTCGCCTATGGAGCTTTGGCCCAGGAAAACGGACGATCTGAAGATGAAAACATCTACTTGGCTGCATCGACTGAGGAGGATCATGTGTGGGCTGAAACCGACGAATCCCAGTCTGGCACCTCAACGATTGTCATGGATCCGTGGTCAAATGGTTCAGCCATATTTGCGGAGGACAGTAGGTTTGCGAAAAATCGAAATGCTGTAGAGCGTACGGATACGTTTAATCTTTCAACCGCAGCTGAAGCGGGCAAAATTACGCGTGAGACAGCCGAGAAGGCTTTGACGCAGGTCACAACCCGATTGCAGAAACGCCTGGCGGATCAGCAGGAGCAAGTCTCGCCCATCAAAAGTGGTCGCTATCGACCAGAAAAATCGGTACTTGATGATGCATTTGTCCGCAGAGTGAGCGACAAGTTGACCTCCACTGATTTGCGGCGTGCACTACAGGTAGACATTGAAGCGGTCGGAGTCGCAATGTCGCTCGGCACCAAGGGCGTCAAGGAAGCTACTCGACAAGCCCGACCTTTGGTTGAGCTTGCAGTGAAGGTCGCCTCTCCTCAAGGCTTGGCGAGACGAGATGTCTGA | L3: GCGGCCGCAGTTACCTGGAGTAGTGTTGGCCATAGATTAGGGAACTTGCTTGGGGGGAACTGACCCGGCCCAAATGACGACATAGCGAGCATGATGAAAGTATTTAATTCGTTGAGATAAAATGAAAATACATAACTCTGGCCTAACCCCACCTTTGCCGGGCATTTCGAATGGAAACGTTGGAAAAGCGGCGCAATCATCAATGACTCAACCGCAGAGCCAACAAGGCTCTCATAGCTTGCCACCAGAAAGCTCTGAGACTCGCCCTGATAGAGCGCGTGCGAACTATCCATATTCATCAGTACAAACACGGTTGCCGCCCGTTGCGTCTGCTGGGAAACCGCTGCCTGATACACCATCTTCTTTGCCCGGCTACTTACTGTTGCGAAGGCTGGACCATCGCCCTGTGGATCAGGAAGGTACCAAAAGTCTGATCCCGGCAGACAAGGCTGTGGCTGAAGCGCGCCGTGCATTGCCCTTTGGAAGAGGCAATATTGATGTGGATGCGCAACTTTCCAATTTGGAAAGTGGAGCCCGCACCCTTGCAGCAAGGTGCTTGAGAAAAGATGCCGAGGCCGCCGGTCATGAGCCGATGCCTGCGAATGAGCCGATGAACTGGCATGTTCTTGTTGCGATGTCAGGACAGGTGTTCGGCGCGGGCAACTGTGGCGAACATGCTCGTATAGCGAGCTTCGCCTATGGAGCTTTGGCCCAGGAAAACGGACGATCTGAAGATGAAAACATCTACTTGGCTGCATCGACTGAGGAGGATCATGTGTGGGCTGAAACCGACGAATCCCAGTCTGGCACCTCAACGATTGTCATGGACCCGTGGTCAAATGGTTCAGCCATATTTGCGGAGGACAGTAGGTTTGCGAAAAATCGAAATGCTGTAGAGCGTACGGATACGTTTAATCTTTCAACCGCAGCTGAAGCGGGCAAAATTACGCGTGAGACAGCCGAGAAGGCTTTGACGCAGGTCACAACCCGATTGCAGAAACGCCTGGCGGATCAGCAGGAGCAAGTCTCGCCCATCAAAAGTGGTCGCTATCGACCAGAAAAATCGGTACTTGATGATGCATTTGTCCGCAGAGTGAGCGACAAGTTGACCTCCACTGATTTGCGGCGTGCACTACAGGTAGACATTGAAGCGGTCGGAGTCGCAATGTCGCTCGGCACCAAGGGCGTCAAGGAAGCTACTCGACAAGCCCGACCTTTGGTTGAGCTTGCAGTGAAGGTCGCCTCTCCTCAAGGCTTGGCGAGACGAGATGTCGGCGCATACCCTTACGATGTTCCTGATTACGCATGACGTACACGCAGCCCGCCTAATGAGCGGGCTTTTTTTTGCGCGTAGCAGATGATGACAAGTCGCGGCCGC | M3: CGTACACG | N3: =LEN(L3) -> 1378 | O3: =LEN(K3) -> 1155 | P3: MKIHNSGLTPPLPGISNGNVGKAAQSSMTQPQSQQGSHSLPPESSETRPDRARANYPYSSVQTRLPPVASAGKPLPDTPSSLPGYLLLRRLDHRPVDQEGTKSLIPADKAVAEARRALPFGRGNIDVDAQLSNLESGARTLAARCLRKDAEAAGHEPMPANEPMNWHVLVAMSGQVFGAGNCGEHARIASFAYGALAQENGRSEDENIYLAASTEEDHVWAETDESQSGTSTIVMDPWSNGSAIFAEDSRFAKNRNAVERTDTFNLSTAAEAGKITRETAEKALTQVTTRLQKRLADQQEQVSPIKSGRYRPEKSVLDDAFVRRVSDKLTSTDLRRALQVDIEAVGVAMSLGTKGVKEATRQARPLVELAVKVASPQGLARRDV* | Q3: =(O3-3)/3 -> 384 | R3: 41.41028 | S3: 1 | T3: 0 | U3: 1 | V3: 0
A4: 3 | B4: HopX1b | C4: HopX | D4: HopX1 | E4: 72 | F4: PgcICMP4323_HopX1b_1 | J4: GGAACCAACCCGGACCAGGTGACGACTTA | K4: ATGAAAATCCATAACGCTGGCGTAACCGGTCCTTTGCCGAGCATCTCGAATGAAGGCGCTGGAAAGGCGGCGCAATCATCATCGACTCAACCGCAGAGCCAGCCAGAATCTCATGGTCCAACACCGGAAAGCTCTGAGGCTCACCCTGCCAGGGTGCGTACGAACTACCCTTACTCATCAGTAAAAACAAGATTGCCGCCCGTTGCTTCTGCAGGGAAAGCGCTGCCTGAAGCACTGTCTTCACTGCCCGGCTACTTACTGTTGCGAAGGCTGGACCATCGCCCTGTGGACCAAGAAGGTATTAACAGTCTGATCCCGGCAGACAAGGCTGTGACTGAAGCGCGCCATGCATTGCCCTTTGGAAGAGGCAATATTGATGTGGATGCGCAACTTACCAATCAGGAAAGTAGAGCCCGCACTGTTGCAGCACGGCGTTTGAGAAAAGATGCTGAGGCCGCCGGTCATGAGCCGATGCCTGCGAATGCGCCGATGAACTGGCATGTTCTTGTTGCGATGTCAGGCCAGGTGTTCGGCGCGGGCAACTGTGGCGAGCATGCGCATATAGCAAGCTTCGCCTATGGAGCTTTGGCCCAGGAAAACGGACGGCCTGAAGATGAAAACATTCACTTGGCTGCATCCACTGAGGAAGATCATGTGTGGGCTGAAACCGACGAATCCCGGTCTGGCACCTCAACGATTGTTATGGACCCGTGGTCAAACGGTCCCGCCATATTTGCGGAAGACAGCAGGTTTGCGAAAAATCGAAATGCTGTAGAGCGTACAGATACGTTTAAACTTTCAACCGCCGCCGAAGCGGGCAACATTACGCGTGAAATAGCGGAGAAGGCTTTGACGCAGGCCACACCCCGTCTGCAGCAGCGTCTGGCGGATCAACAGGCGCAAGTCTTGCCCATCAGAAGTGGTCGCTATCGACAAGAACAATCGGTACTTGATGATGCGTTTGTCCGCAGAGTGAGCGGCAAGTTAACCACTCCCAATCCGCAGCATGCACTGCAGGTGGAAATGGAGGCGGTCGGCGTCGCAATGTCGCTCGGTGCCAAGGACGTCAAGGAAGTTACTCGAAAAGCCCGACCTCTGGTTGAGCTAGCAGAGAAAGTCGCCTCTCCCCAAGGCTTGTCGCGACGAGATGTTTGA | L4: GCGGCCGCAGTTACCTGGAGTAGTGTTGGCCCTGGATGAGCGGACCTGCTTGGGAGGAACCAACCCGGACCAGGTGACGACTTAGCGAACATGGTTAAAGTATTCGATTCGTTGAGGGTGAAATGAAAATCCATAACGCTGGCGTAACCGGTCCTTTGCCGAGCATCTCGAATGAAGGCGCTGGAAAGGCGGCGCAATCATCATCGACTCAACCGCAGAGCCAGCCAGAATCTCATGGTCCAACACCGGAAAGCTCTGAGGCTCACCCTGCCAGGGTGCGTACGAACTACCCTTACTCATCAGTAAAAACAAGATTGCCGCCCGTTGCTTCTGCAGGGAAAGCGCTGCCTGAAGCACTGTCTTCACTGCCCGGCTACTTACTGTTGCGAAGGCTGGACCATCGCCCTGTGGACCAAGAAGGTATTAACAGTCTGATCCCGGCAGACAAGGCTGTGACTGAAGCGCGCCATGCATTGCCCTTTGGAAGAGGCAATATTGATGTGGATGCGCAACTTACCAATCAGGAAAGTAGAGCCCGCACTGTTGCAGCACGGCGTTTGAGAAAAGATGCTGAGGCCGCCGGTCATGAGCCGATGCCTGCGAATGCGCCGATGAACTGGCATGTTCTTGTTGCGATGTCAGGCCAGGTGTTCGGCGCGGGCAACTGTGGCGAGCATGCGCATATAGCAAGCTTCGCCTATGGAGCTTTGGCCCAGGAAAACGGACGGCCTGAAGATGAAAACATTCACTTGGCTGCATCCACTGAGGAAGATCATGTGTGGGCTGAAACCGACGAATCCCGGTCTGGCACCTCAACGATTGTTATGGACCCGTGGTCAAACGGTCCCGCCATATTTGCGGAAGACAGCAGGTTTGCGAAAAATCGAAATGCTGTAGAGCGTACAGATACGTTTAAACTTTCAACCGCCGCCGAAGCGGGCAACATTACGCGTGAAATAGCGGAGAAGGCTTTGACGCAGGCCACACCCCGTCTGCAGCAGCGTCTGGCGGATCAACAGGCGCAAGTCTTGCCCATCAGAAGTGGTCGCTATCGACAAGAACAATCGGTACTTGATGATGCGTTTGTCCGCAGAGTGAGCGGCAAGTTAACCACTCCCAATCCGCAGCATGCACTGCAGGTGGAAATGGAGGCGGTCGGCGTCGCAATGTCGCTCGGTGCCAAGGACGTCAAGGAAGTTACTCGAAAAGCCCGACCTCTGGTTGAGCTAGCAGAGAAAGTCGCCTCTCCCCAAGGCTTGTCGCGACGAGATGTTGGCGCATACCCTTACGATGTTCCTGATTACGCATGAGATGAGCCCAGCCCGCCTAATGAGCGGGCTTTTTTTTGCGCGTAGCAGATGATGACAAGTCGCGGCCGC | M4: GATGAGCC | N4: =LEN(L4) -> 1379 | O4: =LEN(K4) -> 1155 | P4: MKIHNAGVTGPLPSISNEGAGKAAQSSSTQPQSQPESHGPTPESSEAHPARVRTNYPYSSVKTRLPPVASAGKALPEALSSLPGYLLLRRLDHRPVDQEGINSLIPADKAVTEARHALPFGRGNIDVDAQLTNQESRARTVAARRLRKDAEAAGHEPMPANAPMNWHVLVAMSGQVFGAGNCGEHAHIASFAYGALAQENGRPEDENIHLAASTEEDHVWAETDESRSGTSTIVMDPWSNGPAIFAEDSRFAKNRNAVERTDTFKLSTAAEAGNITREIAEKALTQATPRLQQRLADQQAQVLPIRSGRYRQEQSVLDDAFVRRVSGKLTTPNPQHALQVEMEAVGVAMSLGAKDVKEVTRKARPLVELAEKVASPQGLSRRDV* | Q4: =(O4-3)/3 -> 384 | R4: 41.40122 | S4: 1 | T4: 0 | U4: 1 | V4: 0
A5: 4 | B5: HopX1i | C5: HopX | D5: HopX1 | E5: 5 | F5: PdpICMP13052_HopX1i_1 | J5: GGAACCAACTCGCACCTTCAGCCACACA | K5: ATGAAAATACATAACGCTGGCCCAAGCATTCCGATGCCCGCTCCATCGATTGAGAGCGCTGGCAAGACTGCGCAATCATCATTGGCTCAACCGCAGAGCCAACGAGCCACCCCCGTCTCGCCATCAGAGACTTCTGATGCCCGTCCGTCCAGTGTGCGTACGAACTACCCTTATTCATCAGTCAAAACACGGTTGCCTCCCGTTGCGTCTGCAGGGCAGCCACTGTCCGGGATGCCGTCTTCATTACCCGGCTACTTGCTGTTACGTCGGCTTGACCATCGTCCACTGGATCAAGACGGTATCAAAGGTTTGATTCCAGCAGATGAAGCGGTGGGTGAAGCACGTCGCGCGTTGCCTTTCGGCAGGGGCAATATCGACGTGGATGCGCAACGCTCCAACTTGGAAAGCGGAGCCCGCACACTCGCGGCTAGGCGTTTGAGAAAAGATGCCGAGGCCGCGGGTCACGAACCAATGCCTGCAAATGAAGATATGAACTGGCATGTTCTTGTTGCGATGTCAGGACAGGTTTTTGGCGCAGGTAACTGCGGGGAACATGCCCGCATAGCGAGTTTCGCCTACGGTGCACTGGCTCAGGAAAAAGGGCGGAACGCCGATGAGACTATTCATTTGGCTGCGCAACGCGGTAAAGACCACGTCTGGGCTGAAACGGACAATTCAAGCGCTGGATCTTCACCGGTTGTCATGGATCCGTGGTCGAACGGTCCTGCCATTTTTGCGGAGGATAGTCGGTTTGCCAAAGATCGAAGTACGGTAGAACGAACGGATTCCTTCACGCTTGCAACTGCTGCTGAAGCAGGCAAGATCACGCGAGAGACGGCCGAGAATGCTTTGACACAGGCGACCAGCCGTTTGCAGAAACGTCTTGCTGATCAGAAAACGCAAGTCTCGCCGCTTGCAGGAGGGCGCTATCGGCAAGAAAATTCGGTGCTTGATGACGCGTTCGCCCGACGGGCAAGTGGCAAGTTGAGCAACAAGGATCCGCGGCATGCATTACAGGTGGAAATCGAGGCGGCCGCAGTTGCAATGTCGCTGGGCGCCCAAGGCGTAAAAGCGGTTGCGGAACAGGCCCGGACGGTAGTTGAACAAGCCAGGAAGGTCGCATCTCCCCAAGGCACGCCTCAGCGAGATACGTGA | L5: GCGGCCGCAGTTACCTGGAGTAGTGTTGGCAATGGCGATCTCGATCATTTTTTCTGGAACCAACTCGCACCTTCAGCCACACAGTTGCCATCCCTCACTCTCGGATGGCAACTCACCATGAAAATACATAACGCTGGCCCAAGCATTCCGATGCCCGCTCCATCGATTGAGAGCGCTGGCAAGACTGCGCAATCATCATTGGCTCAACCGCAGAGCCAACGAGCCACCCCCGTCTCGCCATCAGAGACTTCTGATGCCCGTCCGTCCAGTGTGCGTACGAACTACCCTTATTCATCAGTCAAAACACGGTTGCCTCCCGTTGCGTCTGCAGGGCAGCCACTGTCCGGGATGCCGTCTTCATTACCCGGCTACTTGCTGTTACGTCGGCTTGACCATCGTCCACTGGATCAAGACGGTATCAAAGGTTTGATTCCAGCAGATGAAGCGGTGGGTGAAGCACGTCGCGCGTTGCCTTTCGGCAGGGGCAATATCGACGTGGATGCGCAACGCTCCAACTTGGAAAGCGGAGCCCGCACACTCGCGGCTAGGCGTTTGAGAAAAGATGCCGAGGCCGCGGGTCACGAACCAATGCCTGCAAATGAAGATATGAACTGGCATGTTCTTGTTGCGATGTCAGGACAGGTTTTTGGCGCAGGTAACTGCGGGGAACATGCCCGCATAGCGAGTTTCGCCTACGGTGCACTGGCTCAGGAAAAAGGGCGGAACGCCGATGAGACTATTCATTTGGCTGCGCAACGCGGTAAAGACCACGTCTGGGCTGAAACGGACAATTCAAGCGCTGGATCTTCACCGGTTGTCATGGACCCGTGGTCGAACGGTCCTGCCATTTTTGCGGAGGATAGTCGGTTTGCCAAAGATCGAAGTACGGTAGAACGAACGGATTCCTTCACGCTTGCAACTGCTGCTGAAGCAGGCAAGATCACGCGAGAGACGGCCGAGAATGCTTTGACACAGGCGACCAGCCGTTTGCAGAAACGTCTTGCTGATCAGAAAACGCAAGTCTCGCCGCTTGCAGGAGGGCGCTATCGGCAAGAAAATTCGGTGCTTGATGACGCGTTCGCCCGACGGGCAAGTGGCAAGTTGAGCAACAAGGACCCGCGGCATGCATTACAGGTGGAAATCGAGGCAGCCGCAGTTGCAATGTCGCTGGGCGCCCAAGGCGTAAAAGCGGTTGCGGAACAGGCCCGGACGGTAGTTGAACAAGCCAGGAAGGTCGCATCTCCCCAAGGCACGCCTCAGCGAGATACGGGCGCATACCCTTACGATGTTCCTGATTACGCATGACTCGAATCCAGCCCGCCTAATGAGCGGGCTTTTTTTTGCGCGTAGCAGATGATGACAAGTCGCGGCCGC | M5: CTCGAATC | N5: =LEN(L5) -> 1374 | O5: =LEN(K5) -> 1155 | P5: MKIHNAGPSIPMPAPSIESAGKTAQSSLAQPQSQRATPVSPSETSDARPSSVRTNYPYSSVKTRLPPVASAGQPLSGMPSSLPGYLLLRRLDHRPLDQDGIKGLIPADEAVGEARRALPFGRGNIDVDAQRSNLESGARTLAARRLRKDAEAAGHEPMPANEDMNWHVLVAMSGQVFGAGNCGEHARIASFAYGALAQEKGRNADETIHLAAQRGKDHVWAETDNSSAGSSPVVMDPWSNGPAIFAEDSRFAKDRSTVERTDSFTLATAAEAGKITRETAENALTQATSRLQKRLADQKTQVSPLAGGRYRQENSVLDDAFARRASGKLSNKDPRHALQVEIEAAAVAMSLGAQGVKAVAEQARTVVEQARKVASPQGTPQRDT* | Q5: =(O5-3)/3 -> 384 | R5: 40.86556 | S5: 1 | T5: 1 | U5: 1 | V5: 1 | W5: ZAR1
A6: 5 | B6: HopX1e | C6: HopX | D6: HopX1 | E6: 13 | F6: PpiH6E5_HopX1e_1 | J6: GGAACCAACTTGCGCGCAAAACCACACA | K6: ATGAGAATTCACAGTTCTGGTCATGGCATCTGCGCACCAGTGTCCTCTGCAGAAACCGTTGAAAAGGCCGTGCAATCATCGGCCCAAGCGCAGAATGAAGCGTCTCACAGCGGTCCATCAGAACATCCTGAATCCCGCTCCTGTCAGGCACGCCCGAACTACCCTTATTCGTCAGTCAAAACACGGTTACCCCCTGTTGCGTCTGCAGGGCAGTCGTCGTCTGAGACACCCTCTTCATTGCCTGGCTACCTGCTGTTACGTCGGCTTGATCGTCGTCAGCTGGACCAGGACGCAATAAAGGGGCTTATTCCTGCTGATGAAGCAGTGGGCGAAGCGCGCCGCGCGTTGCCCTTCGGCAGGGGCAATATTGATGTGGATGCGCAACGCACCCATCTGCAAAGCGGAGCCCGCACACTCGCGGCAAGGCGCCTGAGAAAAGACGCCGAGGCGGCGGGTCATGAGCCGATGCCCGAGAACGAAGACATGAACTGGCATGTGCTGGTTGCCATGTCGGGTCAGGTGTTCGGTGCGGGCAACTGTGGCGAACATGCGCGTATAGCGAGCTTTGCCTACGGTGCACTGGCTCAGGAGAAAGGACGGACTGGCGATGAAAATATTCATCTGGCTGCGCAGAGCGGGGAAGATCATGTCTGGGCTGAAACGGACGATTCCAGCGCTGGCTCTTCGCCGATTGTCATGGATCCGTGGTCAAACGGTCCTGCCGTTTTTGCAGAGGATAGTCGGTTTGCCAAAGACAGGAGCGGGGTAGAGCGAACGGATTCGTTCACGCTTTCAACGGCAGCCGAAGCAGGCAAGATTACCCGAGAGACAGCCGAGAAGGCGCTGATACAGGCAACCAGCCGTTTGCAGCAACGTCTTGCTGATCAGCAGGCGCAAGTCTCGCCGGTTGAGGGTAGTCGCTATCGGCAAGAAAACTCGGTGCTTGATGATGCGTTCGCCCGACGAGTCAGTGATACGTTGAACAATGCCGATCCACGGCGTGCATTGCAGGTGGAAATCGAGGCGTGCGGAGTCGCAATGTCGCTGGGTGCCCGAGGCGTCAAGACGGTCGTCCAACAGGCGCCAAAGGTGATCAGGCAAGCCAGAAGCGTCGCGTCTCCTAAAGGTATGTCTCCGCGAGCAACTTGA | L6: GCGGCCGCAGTTACCTGGAGTAGTGTTGGCCGTTCGCCTGAGTGAACATCTGTCTGGAACCAACTTGCGCGCAAAACCACACAGTTGCCATCCCTCACCACTTGGATGGCAACCATGAGAATTCACAGTTCTGGTCATGGCATCTGCGCACCAGTGTCCTCTGCAGAAACCGTTGAAAAGGCCGTGCAATCATCGGCCCAAGCGCAGAATGAAGCGTCTCACAGCGGTCCATCAGAACATCCTGAATCCCGCTCCTGTCAGGCACGCCCGAACTACCCTTATTCGTCAGTCAAAACACGGTTACCCCCTGTTGCGTCTGCAGGGCAGTCGTCGTCTGAGACACCCTCTTCATTGCCTGGCTACCTGCTGTTACGTCGGCTTGATCGTCGTCAGCTGGACCAGGACGCAATAAAGGGGCTTATTCCTGCTGATGAAGCAGTGGGCGAAGCGCGCCGCGCGTTGCCCTTCGGCAGGGGCAATATTGATGTGGATGCGCAACGCACCCATCTGCAAAGCGGAGCCCGCACACTCGCGGCAAGGCGCCTGAGAAAAGACGCCGAGGCGGCGGGTCATGAGCCGATGCCCGAGAACGAAGACATGAACTGGCATGTGCTGGTTGCCATGTCGGGTCAGGTGTTCGGTGCGGGCAACTGTGGCGAACATGCGCGTATAGCGAGCTTTGCCTACGGTGCACTGGCTCAGGAGAAAGGACGGACTGGCGATGAAAATATTCATCTGGCTGCGCAGAGCGGGGAAGATCATGTCTGGGCTGAAACGGACGATTCCAGCGCTGGCTCTTCGCCGATTGTCATGGACCCGTGGTCAAACGGTCCTGCCGTTTTTGCAGAGGATAGTCGGTTTGCCAAAGACAGGAGCGGGGTAGAGCGAACGGATTCGTTCACGCTTTCAACGGCAGCCGAAGCAGGCAAGATTACCCGAGAGACAGCCGAGAAGGCGCTGATACAGGCAACCAGCCGTTTGCAGCAACGTCTTGCTGATCAGCAGGCGCAAGTCTCGCCGGTTGAGGGTAGTCGCTATCGGCAAGAAAACTCGGTGCTTGATGATGCGTTCGCCCGACGAGTCAGTGATACGTTGAACAATGCCGATCCACGGCGTGCATTGCAGGTGGAAATCGAGGCGTGCGGAGTCGCAATGTCGCTGGGTGCCCGAGGCGTCAAGACGGTCGTCCAACAGGCGCCAAAGGTGATCAGGCAAGCCAGAAGCGTCGCGTCTCCTAAAGGTATGTCTCCGCGAGCAACTGGCGCATACCCTTACGATGTTCCTGATTACGCATGAGCGAGGGTCAGCCCGCCTAATGAGCGGGCTTTTTTTTGCGCGTAGCAGATGATGACAAGTCGCGGCCGC | M6: GCGAGGGT | N6: =LEN(L6) -> 1365 | O6: =LEN(K6) -> 1149 | P6: MRIHSSGHGICAPVSSAETVEKAVQSSAQAQNEASHSGPSEHPESRSCQARPNYPYSSVKTRLPPVASAGQSSSETPSSLPGYLLLRRLDRRQLDQDAIKGLIPADEAVGEARRALPFGRGNIDVDAQRTHLQSGARTLAARRLRKDAEAAGHEPMPENEDMNWHVLVAMSGQVFGAGNCGEHARIASFAYGALAQEKGRTGDENIHLAAQSGEDHVWAETDDSSAGSSPIVMDPWSNGPAVFAEDSRFAKDRSGVERTDSFTLSTAAEAGKITRETAEKALIQATSRLQQRLADQQAQVSPVEGSRYRQENSVLDDAFARRVSDTLNNADPRRALQVEIEACGVAMSLGARGVKTVVQQAPKVIRQARSVASPKGMSPRAT* | Q6: =(O6-3)/3 -> 382 | R6: 40.92333 | S6: 1 | T6: 0 | U6: 1 | V6: 0
A7: 6 | B7: HopX1d | C7: HopX | D7: HopX1 | E7: 14 | F7: PsaICMP18803_HopX1d_1 | J7: GGAACCAACTCGCACCTTCAACCACACA | K7: ATGAAAATACATAACGCTGGCCCAAGCATTCCGATGCCCGCGCCATCGACTGAGAGCGCTGGCAAGACTGCGCAATCATCATTGACTCAACCGCAGACCCCGGTCTCGCCATCAGAGACCTCTGATGGCCGTCCGTCCAGTGTGCGTACGAACTACCCTTATTCATCAGTCAAAACACGGTTGCCTCCCGTTGCGTCTGCAAGGCAGCCACTGTCCGGGATGCCGTCTTCATTACCCGGCTACTTGCTGTTACGTCGGCTTGACCGTCGTCCACTGGATCAAGACGGTATCAAAGGTTTGATTCCAGCAGATGAAGCGGTGGGTGAAGCACGTCGCGCGTTGCCTTTCGGCAGAGGCAATATCGACGTAGATGCGCAACGCTCCAACCTGGAAAGCGGAGCCCGCACAGTCGCGGCAAGGCGCTTGAGAAAAGATGCCGAGGCCGCGGGTCATGAACCTATGCCTGCAAATGAAGATATGAACTGGCATGTTCTTGTTGCCATGTCAGGACAGGTTTTTGGCGCAGGTAACTGCGGGGAACATGCCCGCATAGCGAGCTTCGCCTATGGTGCACTGGCTCAGGAAAAAGGGCGGAACGCTGATGAATATATTCATTTGGCTGCGCAAAGCGGGGAAGATCATGTCTGGGCTGAGACGGACAATTCAAGCGCTGGATCTTCACCGATTGTCATGGATCCGTGGTCGAACGGTCCTGCCATTTTTGCGGAGGATAGTCGGTTTGCCAAAGATCGAAGTACGGTAGAACGAACGGATTCATTCACGCTTGCAACTGCTGCTGAAGCAGGCAAGATCACGCGAGAGACGGCCGAGAATGCTTTGATACAGGCGACCAGCCGTTTGCAGAAACGTCTTGCTGATCAGAAATCGCAAGTCTCACCGGTTGCAGGGGGGCGATATCGGCAAGAAAATTCGGTGCTTGATGACGCGTTCGCCCGACGAGTAAGTGACACGTTGAACAATGGCGATCCACGGCGTGCATTGCAGGTGGAAATCGAGGCGGCCGGAGTTGCAATGTCGCTGGGCGCCCAAGGCGTAAAAGCGGTTGCGGAACAGGCCCGGACGGTAGTTGAACAAGCCAGGAAGGTCGCATCTCGCAAAGGCACGCCTCAGCGAGATACGTGA | L7: GCGGCCGCAGTTACCTGGAGTAGTGTTGGCATGGCGATCTCGATCATTTTTTCTGGAACCAACTCGCACCTTCAACCACACAGTTGCCATCCCTCACTCTCGGATGGCAACTCACCATGAAAATACATAACGCTGGCCCAAGCATTCCGATGCCCGCGCCATCGACTGAGAGCGCTGGCAAGACTGCGCAATCATCATTGACTCAACCGCAGACCCCGGTCTCGCCATCAGAGACCTCTGATGGCCGTCCGTCCAGTGTGCGTACGAACTACCCTTATTCATCAGTCAAAACACGGTTGCCTCCCGTTGCGTCTGCAAGGCAGCCACTGTCCGGGATGCCGTCTTCATTACCCGGCTACTTGCTGTTACGTCGGCTTGACCGTCGTCCACTGGATCAAGACGGTATCAAAGGTTTGATTCCAGCAGATGAAGCGGTGGGTGAAGCACGTCGCGCGTTGCCTTTCGGCAGAGGCAATATCGACGTAGATGCGCAACGCTCCAACCTGGAAAGCGGAGCCCGCACAGTCGCGGCAAGGCGCTTGAGAAAAGATGCCGAGGCCGCGGGTCATGAACCTATGCCTGCAAATGAAGATATGAACTGGCATGTTCTTGTTGCCATGTCAGGACAGGTTTTTGGCGCAGGTAACTGCGGGGAACATGCCCGCATAGCGAGCTTCGCCTATGGTGCACTGGCTCAGGAAAAAGGGCGGAACGCTGATGAATATATTCATTTGGCTGCGCAAAGCGGGGAAGATCATGTCTGGGCTGAGACGGACAATTCAAGCGCTGGATCTTCACCGATTGTCATGGACCCGTGGTCGAACGGTCCTGCCATTTTTGCGGAGGATAGTCGGTTTGCCAAAGATCGAAGTACGGTAGAACGAACGGATTCATTCACGCTTGCAACTGCTGCTGAAGCAGGCAAGATCACGCGAGAGACGGCCGAGAATGCTTTGATACAGGCGACCAGCCGTTTGCAGAAACGTCTTGCTGATCAGAAATCGCAAGTCTCACCGGTTGCAGGGGGGCGATATCGGCAAGAAAATTCGGTGCTTGATGACGCGTTCGCCCGACGAGTAAGTGACACGTTGAACAATGGCGATCCACGGCGTGCATTGCAGGTGGAAATCGAGGCGGCCGGAGTTGCAATGTCGCTGGGCGCCCAAGGCGTAAAAGCGGTTGCGGAACAGGCCCGGACGGTAGTTGAACAAGCCAGGAAGGTCGCATCTCGCAAAGGCACGCCTCAGCGAGATACGGGCGCATACCCTTACGATGTTCCTGATTACGCATGACTGCAACGCAGCCCGCCTAATGAGCGGGCTTTTTTTTGCGCGTAGCAGATGATGACAAGTCGCGGCCGC | M7: CTGCAACG | N7: =LEN(L7) -> 1361 | O7: =LEN(K7) -> 1143 | P7: MKIHNAGPSIPMPAPSTESAGKTAQSSLTQPQTPVSPSETSDGRPSSVRTNYPYSSVKTRLPPVASARQPLSGMPSSLPGYLLLRRLDRRPLDQDGIKGLIPADEAVGEARRALPFGRGNIDVDAQRSNLESGARTVAARRLRKDAEAAGHEPMPANEDMNWHVLVAMSGQVFGAGNCGEHARIASFAYGALAQEKGRNADEYIHLAAQSGEDHVWAETDNSSAGSSPIVMDPWSNGPAIFAEDSRFAKDRSTVERTDSFTLATAAEAGKITRETAENALIQATSRLQKRLADQKSQVSPVAGGRYRQENSVLDDAFARRVSDTLNNGDPRRALQVEIEAAGVAMSLGAQGVKAVAEQARTVVEQARKVASRKGTPQRDT* | Q7: =(O7-3)/3 -> 380 | R7: 40.60217 | S7: 1 | T7: 1 | U7: 1 | V7: 1 | W7: ZAR1
A8: 7 | B8: HopX1g | C8: HopX | D8: HopX1 | E8: 8 | F8: PalBS91_HopX1g_1 | J8: GGAACCAACTCACGCCCGAAACCACACA | K8: ATGCTCGACCGGAGATTGATGATGAAACCTGTCAGCGGTTCATTTTCTGGCTATCACCCAATGGCGACGGTCAGCGAGCAGCCCGTGGCCAAACCTCGAGCGTCTGAAAGTCCTCAATCCGAAAGCATTGAGGAGCGTCCTGCTTGCCTTGCGCCAGTTGCCGGGGCGGGGCAACCACTGCCCGGCGCATCTTCATCATTGTCTGCCTATTTGCTGCTTCGTAGGCTGGACCACCGTCCAGTGAGTCAGGAGGGTATAAACGCACTCACTCCTGCAGATGAAGCTGTGGTTGAGGCACGAAACGCCTTGCCTTTCGGAAGGGGTAACGTTGGCGTTGATGCGCAAAAGACTGACCTGGAAAGCAGCATACGTACACGTTCTGTGATGCGGCTGACGCGTGACGCCGAGGCTGCAGGTCATACACCCATGCGCGGCGTGGACGCAGACATGAACTGGAATGTGCTCGTCGCGATGTCGGGCCGGATTTTTGGTGCGGGTAACTGCCGCGAACATGCGCGTATCGCCAGCTTCGCTTATGGGGGGCTGGCTCAGGAAAGCGGACGGTCTTCCGAGGAAAAAATTCACCTCGCCACAAAAGCCGGAGTAGATCACGTCTGGGTTGAAACGGACCATCCTGACGCCGACTCTTCACCCATGGTTATTGATCCGTGGGCAAACGGCTCGGCGATTCTCGCAGAAGACAGCCGGTTCGCGAAAGATCGCAGTGCTGTCACTCGCACCGATACTTTCGATCTGTCACTTGCGGCCGAAGCGGGTCAAATTGCCAAGGCGACCGCCGAAGAGGCATTGGCGCACACGCAAGGTCGATTGCAGCAACGTCTTGCAAGCGAGAGGCCGGATGCGGTTCCGCTTGAAAGCGGTCGTTACCGCGAGGAAGTGTCGGTACTCGATGATACGTTTGCCCGCCGCGTTGGACAAAAGGTGAATACAGCCGACCCCAGAGGTATGCTGAATGTCGAGCTTGAAGCCGTTGGGGTTGCGATGTCGCTCGGCGGCGAGGGTGTTAAGCCGCTTACTCAGGAGGCGAGCCAGATTGTCGAGAAGGCGAAGAAGTTTGCATCGCCAGGCGGCATGTCGCGTGATGCGTGA | L8: GCGGCCGCAGTTACCTGGAGTAGTGTTGGCCGTTCGCCTGAATGGGGGTATGTCTGGAACCAACTCACGCCCGAAACCACACAGTTGCCATCCTTCACCACTTGGATGGCAACCATGCTCGACCGGAGATTGATGATGAAACCTGTCAGCGGTTCATTTTCTGGCTATCACCCAATGGCGACGGTCAGCGAGCAGCCCGTGGCCAAACCTCGAGCGTCTGAAAGTCCTCAATCCGAAAGCATTGAGGAGCGTCCTGCTTGCCTTGCGCCAGTTGCCGGGGCGGGGCAACCACTGCCCGGCGCATCTTCATCATTGTCTGCCTATTTGCTGCTTCGTAGGCTGGACCACCGTCCAGTGAGTCAGGAGGGTATAAACGCACTCACTCCTGCAGATGAAGCTGTGGTTGAGGCACGAAACGCCTTGCCTTTCGGAAGGGGTAACGTTGGCGTTGATGCGCAAAAGACTGACCTGGAAAGCAGCATACGTACACGTTCTGTGATGCGGCTGACGCGTGACGCCGAGGCTGCAGGTCATACACCCATGCGCGGCGTGGACGCAGACATGAACTGGAATGTGCTCGTCGCGATGTCGGGCCGGATTTTTGGTGCGGGTAACTGCCGCGAACATGCGCGTATCGCCAGCTTCGCTTATGGGGGGCTGGCTCAGGAAAGCGGACGGTCTTCCGAGGAAAAAATTCACCTCGCCACAAAAGCCGGAGTAGATCACGTCTGGGTTGAAACGGACCATCCTGACGCCGACTCTTCACCCATGGTTATTGATCCGTGGGCAAACGGCTCGGCGATTCTCGCAGAAGACAGCCGGTTCGCGAAAGATCGCAGTGCTGTCACTCGCACCGATACTTTCGATCTGTCACTTGCGGCCGAAGCGGGTCAAATTGCCAAGGCGACCGCCGAAGAGGCATTGGCGCACACGCAAGGTCGATTGCAGCAACGTCTTGCAAGCGAGAGGCCGGATGCGGTTCCGCTTGAAAGCGGTCGTTACCGCGAGGAAGTGTCGGTACTCGATGATACGTTTGCCCGCCGCGTTGGACAAAAGGTGAATACAGCCGACCCCAGAGGTATGCTGAATGTCGAGCTTGAAGCCGTTGGGGTTGCGATGTCGCTCGGCGGCGAGGGTGTTAAGCCGCTTACTCAGGAGGCGAGCCAGATTGTCGAGAAGGCGAAGAAGTTTGCATCGCCAGGCGGCATGTCGCGTGATGCGGGCGCATACCCTTACGATGTTCCTGATTACGCATGAGTATTACACAGCCCGCCTAATGAGCGGGCTTTTTTTTGCGCGTAGCAGATGATGACAAGTCGCGGCCGC | M8: GTATTACA | N8: =LEN(L8) -> 1326 | O8: =LEN(K8) -> 1110 | P8: MLDRRLMMKPVSGSFSGYHPMATVSEQPVAKPRASESPQSESIEERPACLAPVAGAGQPLPGASSSLSAYLLLRRLDHRPVSQEGINALTPADEAVVEARNALPFGRGNVGVDAQKTDLESSIRTRSVMRLTRDAEAAGHTPMRGVDADMNWNVLVAMSGRIFGAGNCREHARIASFAYGGLAQESGRSSEEKIHLATKAGVDHVWVETDHPDADSSPMVIDPWANGSAILAEDSRFAKDRSAVTRTDTFDLSLAAEAGQIAKATAEEALAHTQGRLQQRLASERPDAVPLESGRYREEVSVLDDTFARRVGQKVNTADPRGMLNVELEAVGVAMSLGGEGVKPLTQEASQIVEKAKKFASPGGMSRDA* | Q8: =(O8-3)/3 -> 369 | R8: 39.37816 | S8: 1 | T8: 0 | U8: 1 | V8: 0
A9: 8 | B9: HopF4a | C9: HopF | D9: HopF4 | E9: 43 | F9: PpdICMP8902_HopF4a_1 | J9: GGAACTTCAATAGGGTGTCGTACCACTCA | K9: GTGTATCAACTTTCCGCTGAGGCACGAGATGATTTTCTTGATCGCTTTGACCAAATGCGAAACCTAGGTCTGAACTCGCATGACTCAGCCCATGAGTGGCAGGGCGTATTTTCAACCGATAGAAAGCAACTCGGCGCCTATCTTCTTGCACGCTGTCTTGATGGTCGAGAAGTGAGCGATTCACACGCACAATCACTTGCAGAGGCTAGTGAAACGCTGAAGGATACACGTGACGCGCTCTCTTTCGGTCGTGGAAATGTTGATGCGGATCTAGAGCTAACGCAAGGCGAAAGTGGACAGCGTGTCGCCGCCAGCCGTGTCGTAAATCAACGTTTGAAGGAAAGCGGCGCCAAACTCGGGACCTCGCATACGGTGGCAATGGCCGAATTGGTGAAAGCAGGCTTATGCTCCGAACACGGCGATGTTGCTGTCCATCGCCATATCCCCAAGTTGAAAACCGGTGAGCAGATCCACAAGATCGCAGCCCCTCGCTCCGACCACGGATGGGCTGAACTACGCAGACCAGGCTCACCCAAAGAGAACGCTATCGTCATTGATGCTTGGGCGGAAGGCGGCCCCATCCTTGCGGAGGATGGAAGCTATACCCACCGTCACATTAGCGATGATGCGCGCGTGTCCAGATATGCTTACGGACCTGCTCTGGGACGGCGCGCATTGGCCAGCTTGGAAAAGAGCAGGGCACAGCTGAGCAATATTGCCGTTAGTGTAGAGAGCGCCCGTTCTGAACTGTCTGATAATGGCTACTGGCCTGAATCCGAGCGCATTTGGTCACCGGAGCCGGTCATTGAGAGCGGTTTCGCACAACGTGTCCAAGCGCAGTGCGAGGATAGTAAAAATGCTGAAAGAAACTGGAGCGCCGCGATGAGAATAGCCAGGCAATTAGGGTCTCCTGAAGAGACTCTAGAGAAAAATGCTCGGTCGCTTCTGGAGCTCGCATCCGATTTAAGGCAAGTCCCGCAGAATGCCAGGCGGCCCAACGTTTGA | L9: GCGGCCGCAGTTACCTGGAGTAGTGTTGGCAAATTCCTATACATGAACAGTTGGTGGAACTTCAATAGGGTGTCGTACCACTCAGTTGGCTCAATATCTAAGGGGGCCCCATGAAAAATTCATTCGACCGCTTAATCGATGGGCTCGCAAAAGACTATGGCATGCCTAGTCTTCCTGAGAAGAAACATGAGCACGAAATTTATTGTTTTGAATTTGAGACCGGCGTCTCAATCAAAATTTACCAAGACAAATTTCGCTGGGTGTATTTCGTGGCCGAAATCGGTCAGCTCCACAAAACTAATGCCGATGCGTTGATGAGTATGCTTTATCTCAACAGTTTCAGTTTTAGAAAGCCTTTTTTTACACTGGGTTTGAATAGAAAAAAATTGGAGAGTTACATGCGCGTATCCCTTTGCTGGAGGTTGATAACGTCCAGATGCGAGAGATATTTGAGAATTTACTAGGAGTAGCAGCTGAAATTAAAAAAACGTTCGCTTTTAATTGAGGGGTGTTGTTTATGGTTAATATTTGTGGTACTTCCGGCTCCCATTGTGTATATAGTCCGCCAGTAAGCCCTCGACATGTATCGGGTTCGTCCACACCGGTGCACAGTGTAGGCGGCCAAGGCCTAACCTCGATGTATCAACTTTCCGCTGAGGCACGAGATGATTTTCTTGATCGCTTTGACCAAATGCGAAACCTAGGTCTGAACTCGCATGACTCAGCCCATGAGTGGCAGGGCGTATTTTCAACCGATAGAAAGCAACTCGGCGCCTATCTTCTTGCACGCTGTCTTGATGGTCGAGAAGTGAGCGATTCACACGCACAATCACTTGCAGAGGCTAGTGAAACGCTGAAGGATACACGTGACGCGCTCTCTTTCGGTCGTGGAAATGTTGATGCGGATCTAGAGCTAACGCAAGGCGAAAGTGGACAGCGTGTCGCCGCCAGCCGTGTCGTAAATCAACGTTTGAAGGAAAGCGGCGCCAAACTCGGGACCTCGCATACGGTGGCAATGGCCGAATTGGTGAAAGCAGGCTTATGCTCCGAACACGGCGATGTTGCTGTCCATCGCCATATCCCCAAGTTGAAAACCGGTGAGCAGATCCACAAGATCGCAGCCCCTCGCTCCGACCACGGATGGGCTGAACTACGCAGACCAGGCTCACCCAAAGAGAACGCTATCGTCATTGATGCTTGGGCGGAAGGCGGCCCCATCCTTGCGGAGGATGGAAGCTATACCCACCGTCACATTAGCGATGATGCGCGCGTGTCCAGATATGCTTACGGACCTGCTCTGGGACGGCGCGCATTGGCCAGCTTGGAAAAGAGCAGGGCACAGCTGAGCAATATTGCCGTTAGTGTAGAGAGCGCCCGTTCTGAACTGTCTGATAATGGCTACTGGCCTGAATCCGAGCGCATTTGGTCACCGGAGCCGGTCATTGAGAGCGGTTTCGCACAACGTGTCCAAGCGCAGTGCGAGGATAGTAAAAATGCTGAAAGAAACTGGAGCGCCGCGATGAGAATAGCCAGGCAATTAGGGTCTCCTGAAGAGACTCTAGAGAAAAATGCTCGGTCGCTTCTGGAGCTCGCATCCGATTTAAGGCAAGTCCCGCAGAATGCCAGGCGGCCCAACGTTGGCGCATACCCTTACGATGTTCCTGATTACGCATGATTTATGACCAGCCCGCCTAATGAGCGGGCTTTTTTTTGCGCGTAGCAGATGATGACAAGTCGCGGCCGC | M9: TTTATGAC | N9: =LEN(L9) -> 1744 | O9: =LEN(K9) -> 1005 | P9: VYQLSAEARDDFLDRFDQMRNLGLNSHDSAHEWQGVFSTDRKQLGAYLLARCLDGREVSDSHAQSLAEASETLKDTRDALSFGRGNVDADLELTQGESGQRVAASRVVNQRLKESGAKLGTSHTVAMAELVKAGLCSEHGDVAVHRHIPKLKTGEQIHKIAAPRSDHGWAELRRPGSPKENAIVIDAWAEGGPILAEDGSYTHRHISDDARVSRYAYGPALGRRALASLEKSRAQLSNIAVSVESARSELSDNGYWPESERIWSPEPVIESGFAQRVQAQCEDSKNAERNWSAAMRIARQLGSPEETLEKNARSLLELASDLRQVPQNARRPNV* | Q9: =(O9-3)/3 -> 334 | R9: 36.79176 | S9: 1 | T9: 0 | U9: 1 | V9: 0
A10: 10 | B10: HopBO1c | C10: HopBO | D10: HopBO1 | E10: 18 | F10: PsaICMP18803_HopBO1(P)c_1 | J10: GGAACCGAATCCGTCACAAAGGCCACACA | K10: ATGGGTTCGTGCGTATCAAAAGGGAGCATAGCAAGCTCACCTCAGCATTATGCGGTCCACTACACAGAGCAGGCCACGCCTTCCCCGCCATCCTCCGAGGCGTCCATGTCACCCGGCCCGCGTGACTTGGCAGCTCTGGAGCCTCCCATAGCGAGGCGGTCTGGCGCCAGGCGCTCGGTCCTACTGCCGCACGAAGTTCAACAGGCGGCCTACCAACTCGCTATGCGCCTCAACGGCAGACCCATCGAAGACGCGAGCGCCCGTCAACGCCTTGCCGACGCCACGGCGACGGTGCACGAAACACGACTCGCATTGCACCGTGGAAGAGGCAATGTCGATAGCGATCTGCGGCTCAGCAACGGGCGGGCCGCCACCTATAGTTCTCTGTCCTATTGCCTCGGTGAAGATGATGAAAATTTACTGGCAGGCAGCGCACTGGCTGCCGGGGCAGGCAACTGTGACCACAACGCAGCGATTAACACTCGTCGGCATGCGGTCCGCATGGAGGATGGCGGTCAGATGATGACCGTACGTGACTATGAACAGACCCACCTTTACGCGCTGTACCAACCGCCAAGCTCGACAGATGCGGAGGAATCTACTGTCGTCCTTGACTCATGGGGCGACGGTCCAGCCGTTCTACTAAGGGATTCGCACTGGGCCGAAACGTACGGAACGTCCACTAATATAATTGAGCGATTCGACAAGCCCGCCGCAATAGACTCGCTGGCGAGGACAAATGCATTCAGGGCAGAGATAGAGGACCCGCAAACTGCTCTCCATGCGAATGCGCGCGAACTGGAGACAGCCTTTCTGGCCAACCCCGCACCTGGCGACATATTTTCAGCGATGCCGGTCATCGCTCCCGATCTGGCTGAAAGCACACGCCGCAGGCTGCAAGAGCACTCACCGCGGACGCTTAAGGCTCTAGCCGCCGATGCTGCGCGAAATGCCTATGGGTTGGAGGACGCGCAGGCCAACTCGCCGCGCACGACGAAAGCGATCCTGAAAGAAGCAAAGCGTCTGGACGCCTTGGGTCGCCCGCCCTTGAGTTGGTGA | L10: GCGGCCGCAGTTACCTGGAGTAGTGTTGGCGGGCCATCCGGGCCCACGCTTGCATGGAACCGAATCCGTCACAAAGGCCACACAGTGCGACCATTTTAATGAAATTTTGGTGGCCGCATAACTTCAGCGTCAGCGGTCGAAAACCTTTATTTAAAAGCAGCAGTGCCAACGCCAATCAGAGAGCCTCTCCCTGACGTTGATCACGCAGTACTGCAGGAGTTAAAAAATGGGTTCGTGCGTATCAAAAGGGAGCATAGCAAGCTCACCTCAGCATTATGCGGTCCACTACACAGAGCAGGCCACGCCTTCCCCGCCATCCTCCGAGGCGTCCATGTCACCCGGCCCGCGTGACTTGGCAGCTCTGGAGCCTCCCATAGCGAGGCGGTCTGGCGCCAGGCGCTCGGTCCTACTGCCGCACGAAGTTCAACAGGCGGCCTACCAACTCGCTATGCGCCTCAACGGCAGACCCATCGAAGACGCGAGCGCCCGTCAACGCCTTGCCGACGCCACGGCGACGGTGCACGAAACACGACTCGCATTGCACCGTGGAAGAGGCAATGTCGATAGCGATCTGCGGCTCAGCAACGGGCGGGCCGCCACCTATAGTTCTCTGTCCTATTGCCTCGGTGAAGATGATGAAAATTTACTGGCAGGCAGCGCACTGGCTGCCGGGGCAGGCAACTGTGACCACAACGCAGCGATTAACACTCGTCGGCATGCGGTCCGCATGGAGGATGGCGGTCAGATGATGACCGTACGTGACTATGAACAGACCCACCTTTACGCGCTGTACCAACCGCCAAGCTCGACAGATGCGGAGGAATCTACTGTCGTCCTTGACTCATGGGGCGACGGTCCAGCCGTTCTACTAAGGGATTCGCACTGGGCCGAAACGTACGGAACGTCCACTAATATAATTGAGCGATTCGACAAGCCCGCCGCAATAGACTCGCTGGCGAGGACAAATGCATTCAGGGCAGAGATAGAGGACCCGCAAACTGCTCTCCATGCGAATGCGCGCGAACTGGAGACAGCCTTTCTGGCCAACCCCGCACCTGGCGACATATTTTCAGCGATGCCGGTCATCGCTCCCGATCTGGCTGAAAGCACACGCCGCAGGCTGCAAGAGCACTCACCGCGGACGCTTAAGGCTCTAGCCGCCGATGCTGCGCGAAATGCCTATGGGTTGGAGGACGCGCAGGCCAACTCGCCGCGCACGACGAAAGCGATCCTGAAAGAAGCAAAGCGTCTGGACGCCTTGGGTCGCCCGCCCTTGAGTTGGGGCGCATACCCTTACGATGTTCCTGATTACGCATGAACTAGAGGCAGCCCGCCTAATGAGCGGGCTTTTTTTTGCGCGTAGCAGATGATGACAAGTCGCGGCCGC | M10: ACTAGAGG | N10: =LEN(L10) -> 1387 | O10: =LEN(K10) -> 1059 | P10: MGSCVSKGSIASSPQHYAVHYTEQATPSPPSSEASMSPGPRDLAALEPPIARRSGARRSVLLPHEVQQAAYQLAMRLNGRPIEDASARQRLADATATVHETRLALHRGRGNVDSDLRLSNGRAATYSSLSYCLGEDDENLLAGSALAAGAGNCDHNAAINTRRHAVRMEDGGQMMTVRDYEQTHLYALYQPPSSTDAEESTVVLDSWGDGPAVLLRDSHWAETYGTSTNIIERFDKPAAIDSLARTNAFRAEIEDPQTALHANARELETAFLANPAPGDIFSAMPVIAPDLAESTRRRLQEHSPRTLKALAADAARNAYGLEDAQANSPRTTKAILKEAKRLDALGRPPLSW* | Q10: =(O10-3)/3 -> 352 | R10: 37.99723 | S10: 1 | T10: 0 | U10: 1 | V10: 0
A11: 11 | B11: HopBO1b | C11: HopBO | D11: HopBO1 | E11: 25 | F11: PspICMP16928_HopBO1(P)b_1 | J11: GGAACCGAATCCGTCCCAAAGGCCACATA | K11: ATGGGTTCGTGCGTTTCCAAAGGGAGCACAGCAAGCTCACCTCAGCATTATGCTGTCCAATACACAGAGCAGGCCACGCCTTCCCCTTCATCCTCCGAGGCGTCCATGTCACCCAGCCTGCATGGCTCGACGGCCCTGGAGTCTCCCATTGCGAGGTGGTCTGGTGCCAGGCGCTCGGTCCTACTGCCGCACGAAGTCCAGCAGGCTGCCTACCAACTCGCTATGCGCCTCAACGGCAGGCCCATCGACGCGAGCGACCGTCAACGCCTTGCCGACGCAACGTCTACGGTGCATGAGACACGACTCGCATTGCACCGTGGACGAGGCAATGTCGACAGCGATCTGCGGCTCAGCAACGGACGGAGCGCCACCTATAGTTCCCTGTCCTACTGCCTCGGCGAAGATGACGAAAATTTACTGGCAGGCAGCGCGCTGGCTGCTGGGGCAGGCAACTGTGACCACAACGCAGCGATTAACACACGTCGGCATGCGGTCCGCATGGAGGATGGCGGGCAGATGATGACCGTACGTGACTATGAGCAGACCCACCTCTACGCGCTGTACCAGCCGCCAAACTCGGCAGAAGCGGATGAATCCACTGTAGTCCTTGACTCGTGGGGCGACGGTCCAGCCGTTCTACTGAGGGATTCGCACTGGGCCGAATCGTATGGAACGTCCACCCATGTAATTGAACGATTCGACAAGCCTGATGCAACCGACGCGCTGGCGAGGACAAACGCATTCAGAGCCGAGATCGAGAACCCGCAAACTGCGCTCCATGCGAATGCACGCGAGTTGGAGACAGCCTTTCTCGCCAATCCCGCACCTGGCGACATCTTTTCCGCGATGCCGGTCATCGCTCCCGATCTGGCCGAAAGTACGCGTCGGAGGCTGCAAGAGTACTCACCGCGGACGCGTAATGTTCTAGCCGCCGATGCTGCGCGTGATGCCTACGGGCTGGATGACGCGCATGCCAACTCGCCTCGCACGACGAAAGCGATCCTGAAAGAAGCAAAGCGACTGGATGCCTTGGGTCGCCCGCCCTTGAGTTGGTGA | L11: GCGGCCGCAGTTACCTGGAGTAGTGTTGGCCTTTGGCGTTGGCCCACGTTCGCAAGGAACCGAATCCGTCCCAAAGGCCACATAAACAAAGCTTCAATGAAAATTCGGCATTTGATAATTTCAGCGTCAGCGGTTGAAAACCTTTAAAAGCAGCAGTGAGTGAGCCAACGCCAATTAGAGAGCGTCTCGCTAATGCTGATGACTCAGAACTGCAGGAGTTAGAAAATGGGTTCGTGCGTTTCCAAAGGGAGCACAGCAAGCTCACCTCAGCATTATGCTGTCCAATACACAGAGCAGGCCACGCCTTCCCCTTCATCCTCCGAGGCGTCCATGTCACCCAGCCTGCATGGCTCGACGGCCCTGGAGTCTCCCATTGCGAGGTGGTCTGGTGCCAGGCGCTCGGTCCTACTGCCGCACGAAGTCCAGCAGGCTGCCTACCAACTCGCTATGCGCCTCAACGGCAGGCCCATCGACGCGAGCGACCGTCAACGCCTTGCCGACGCAACGTCTACGGTGCATGAGACACGACTCGCATTGCACCGTGGACGAGGCAATGTCGACAGCGATCTGCGGCTCAGCAACGGACGGAGCGCCACCTATAGTTCCCTGTCCTACTGCCTCGGCGAAGATGACGAAAATTTACTGGCAGGCAGCGCGCTGGCTGCTGGGGCAGGCAACTGTGACCACAACGCAGCGATTAACACACGTCGGCATGCGGTCCGCATGGAGGATGGCGGGCAGATGATGACCGTACGTGACTATGAGCAGACCCACCTCTACGCGCTGTACCAGCCGCCAAACTCGGCAGAAGCGGATGAATCCACTGTAGTCCTTGACTCGTGGGGCGACGGTCCAGCCGTTCTACTGAGGGATTCGCACTGGGCCGAATCGTATGGAACGTCCACCCATGTAATTGAACGATTCGACAAGCCTGATGCAACCGACGCGCTGGCGAGGACAAACGCATTCAGAGCCGAGATCGAGAACCCGCAAACTGCGCTCCATGCGAATGCACGCGAGTTGGAGACAGCCTTTCTCGCCAATCCCGCACCTGGCGACATCTTTTCCGCGATGCCGGTCATCGCTCCCGATCTGGCCGAAAGTACGCGTCGGAGGCTGCAAGAGTACTCACCGCGGACGCGTAATGTTCTAGCCGCCGATGCTGCGCGTGATGCCTACGGGCTGGATGACGCGCATGCCAACTCGCCTCGCACGACGAAAGCGATCCTGAAAGAAGCAAAGCGACTGGATGCCTTGGGTCGCCCGCCCTTGAGTTGGGGCGCATACCCTTACGATGTTCCTGATTACGCATGAACCAAGCTCAGCCCGCCTAATGAGCGGGCTTTTTTTTGCGCGTAGCAGATGATGACAAGTCGCGGCCGC | M11: ACCAAGCT | N11: =LEN(L11) -> 1383 | O11: =LEN(K11) -> 1056 | P11: MGSCVSKGSTASSPQHYAVQYTEQATPSPSSSEASMSPSLHGSTALESPIARWSGARRSVLLPHEVQQAAYQLAMRLNGRPIDASDRQRLADATSTVHETRLALHRGRGNVDSDLRLSNGRSATYSSLSYCLGEDDENLLAGSALAAGAGNCDHNAAINTRRHAVRMEDGGQMMTVRDYEQTHLYALYQPPNSAEADESTVVLDSWGDGPAVLLRDSHWAESYGTSTHVIERFDKPDATDALARTNAFRAEIENPQTALHANARELETAFLANPAPGDIFSAMPVIAPDLAESTRRRLQEYSPRTRNVLAADAARDAYGLDDAHANSPRTTKAILKEAKRLDALGRPPLSW* | Q11: =(O11-3)/3 -> 351 | R11: 37.99191 | S11: 1 | T11: 0 | U11: 1 | V11: 0
A12: 12 | B12: HopBO1a | C12: HopBO | D12: HopBO1 | E12: 34 | F12: PbrICMP13685_HopBO1(P)a_1 | J12: GGAACCGAATCCGTCCCAAAGGCCACATA | K12: ATGGGTTCGTGCGTTTCCAAAGGGAGCACAGCAAGCTCACCTCAGCATTATGCTGTCCAATACACAGAGCAGGCCACGCCTTCCTCTTCATCCTCCGAGGCGTCCATGTCACCCAGCCTGCATGGCTCGACGGCCCTGGAGTCTCCCATTGCGAGGTGGTCTGGTGCCAGGCGCTCGGTCCTACTGCCGCACGAAGTCCAGCAGGCTGCCTACCAACTCGCTATGCGCCTCAACGGCAGGCCCATCGACGCGAGCGACCGTCAACGCCTTGCCGACGCCACGGCGACGATGCACGAGACACGACTCGCATTGCACCGTGGTCGGGGCAATGTTGTTAGCGATCTGCGGCTAAGCAACGTACGGAGCGCCACCTACAGCTCCCTCTCCTACTCTCTCGGTGAAAATGACGAAAATTTACTGGCAGGCAGCGCACTGGCTGCCGGGGCAGGCAACTGTGACCACAACGCAGCGATTAACACACGTCGGCACGCGGACCGTATGGAGGATGGCGGGCAGATGATGACCGTACGTGACTATGAGCATTCCCACCTCTACGCGCTGTACCAGCCGCCTAACTCGGCAGAAGCGGAAGAATCTGTAGTCCTTGACTCGTGGGCCGACGGCCCGGCCGTTCTACTAAGGGATTCGCACTGGGCCGAAACGTACGGAACGTCCAATGTAACTGAACGATTCGACAAGTCTGACGCAATCGACGCGCTGGCAAGGGCAAACGCATTCAGAGCCGAGGTTGAGGACCCGCAAACTGCGCTCCATGCAAATGCGCGCGAGTTGGAGACAGTCTTTCTGGCCAACCCCGCACCTGGCGACATCCGTACCGCAATGCCGATTATCGCTCCCCATCTGGCCGAAAACACGCGTCGGAGGCTGGAAGAGTACTCACCGCGGACGCGTACTGTTCTAGCCGCCGATGCTGCGCGGGATGCCTACGGGCTGGAAGACTCGCGTGCCAACTCGCCGCGCACGACGAAAGCGATCCTGAAAGACGCAACACGACTGGATGCCTTGGGTCGCCCGCCCTTGAGTTGGTGA | L12: GCGGCCGCAGTTACCTGGAGTAGTGTTGGCTAGTTGCGTTGGCCCACATTTGCAAGGAACCGAATCCGTCCCAAAGGCCACATAAAAAAATTTTCAATGAAAATTCGGCATTTGCATAATTTCAGCGTCAGCGGTTGAAAACCTTTAAAAACAGCAGTGAGTGAGCCAACGCCAATTAGAGAGCGTCTCGCTAATGCTGATGACTCAGAACTGCAGGAGTTAAAAAATGGGTTCGTGCGTTTCCAAAGGGAGCACAGCAAGCTCACCTCAGCATTATGCTGTCCAATACACAGAGCAGGCCACGCCTTCCTCTTCATCCTCCGAGGCGTCCATGTCACCCAGCCTGCATGGCTCGACGGCCCTGGAGTCTCCCATTGCGAGGTGGTCTGGTGCCAGGCGCTCGGTCCTACTGCCGCACGAAGTCCAGCAGGCTGCCTACCAACTCGCTATGCGCCTCAACGGCAGGCCCATCGACGCGAGCGACCGTCAACGCCTTGCCGACGCCACGGCGACGATGCACGAGACACGACTCGCATTGCACCGTGGTCGGGGCAATGTTGTTAGCGATCTGCGGCTAAGCAACGTACGGAGCGCCACCTACAGCTCCCTCTCCTACTCTCTCGGTGAAAATGACGAAAATTTACTGGCAGGCAGCGCACTGGCTGCCGGGGCAGGCAACTGTGACCACAACGCAGCGATTAACACACGTCGGCACGCGGACCGTATGGAGGATGGCGGGCAGATGATGACCGTACGTGACTATGAGCATTCCCACCTCTACGCGCTGTACCAGCCGCCTAACTCGGCAGAAGCGGAAGAATCTGTAGTCCTTGACTCGTGGGCCGACGGCCCGGCCGTTCTACTAAGGGATTCGCACTGGGCCGAAACGTACGGAACGTCCAATGTAACTGAACGATTCGACAAGTCTGACGCAATCGACGCGCTGGCAAGGGCAAACGCATTCAGAGCCGAGGTTGAGGACCCGCAAACTGCGCTCCATGCAAATGCGCGCGAGTTGGAGACAGTCTTTCTGGCCAACCCCGCACCTGGCGACATCCGTACCGCAATGCCGATTATCGCTCCCCATCTGGCCGAAAACACGCGTCGGAGGCTGGAAGAGTACTCACCGCGGACGCGTACTGTTCTAGCCGCCGATGCTGCGCGGGATGCCTACGGGCTGGAAGACTCGCGTGCCAACTCGCCGCGCACGACGAAAGCGATCCTGAAAGACGCAACACGACTGGATGCCTTGGGTCGCCCGCCCTTGAGTTGGGGCGCATACCCTTACGATGTTCCTGATTACGCATGAACCAAGTCCAGCCCGCCTAATGAGCGGGCTTTTTTTTGCGCGTAGCAGATGATGACAAGTCGCGGCCGC | M12: ACCAAGTC | N12: =LEN(L12) -> 1378 | O12: =LEN(K12) -> 1050 | P12: MGSCVSKGSTASSPQHYAVQYTEQATPSSSSSEASMSPSLHGSTALESPIARWSGARRSVLLPHEVQQAAYQLAMRLNGRPIDASDRQRLADATATMHETRLALHRGRGNVVSDLRLSNVRSATYSSLSYSLGENDENLLAGSALAAGAGNCDHNAAINTRRHADRMEDGGQMMTVRDYEHSHLYALYQPPNSAEAEESVVLDSWADGPAVLLRDSHWAETYGTSNVTERFDKSDAIDALARANAFRAEVEDPQTALHANARELETVFLANPAPGDIRTAMPIIAPHLAENTRRRLEEYSPRTRTVLAADAARDAYGLEDSRANSPRTTKAILKDATRLDALGRPPLSW* | Q12: =(O12-3)/3 -> 349 | R12: 37.89184 | S12: 1 | T12: 0 | U12: 1 | V12: 0
A13: 13 | B13: HopBO1d | C13: HopBO | D13: HopBO1 | E13: 15 | F13: PalPSa1_3_HopBO1(P)d_1 | J13: GGAACCGAATCCTCCCCAAAGGCCACACA | K13: ATGGGTTTGTGCGTTTCAAAAGGTAGCACAGCAAGCTCGCCTCAGCATTATGCGGTCCGATACACAGAGCAGGTCACGCCTTCCCCTTCACCTTCCGTGGCGTCCACGTCACCCAGTCTGCACGATTCGACGGCCATAGGGTCTCCCCTGGCGAGGCGTTCTGTCCTACTTCCGCACGAAGTTCAGCAGGCGGCCTACCAACTCGCTATGCGCCTCAACGGCAGGGCCATCGAAGACGCGAGCGACCGTAAACGCCTTGTCGACGCCACGGCGACGGTGCACGAGACACGACTCGCATTGCACCGTGGACGAGGCAAGGTCGACAGCGATCTGCGGCTCAGCAATGGACGGAGCGCTACCTATAGTTCCCTATCTTACTGCCTCGGCGAAGATGACGAAAATTTACTGGCAGGCAGCGCGCTGGCTGCCGGGGCAGGCAACTGTGACCACAACGCAGCGATTAACACACGTCGGCATGCGGTCCGCATGGAGGATGGCGGCCAGATGATGACCGTACGTGACTATGAGCAGACCCACCTCTACGCGCTGTACCAGCCGCCAAACTCGGCAGAAGCGGACGAATCCACTGTAGTCCTTGACTCGTGGGGCGACGGTCCAGCCGTTCTACTGAGGGATTCGCACTGGGCCGAATCGTATGGAACGTCCACCCACGTAATTGAACGATTCGACAAGCCTGATGCAACCGACGCGCTGGCGAGGACTAACGCATTCAGAGCCGAGATCGAGAACCCTCAAACTGCGCTCCATGCGAATGCGCGCGAGTTGGAGACAGCCTTTCTCGCCAATCCCGCACCTGGCGACATCTTTTCCGCTATGCCGGTCATCGCTCCCCATCTGGCCGAAAGCACGCGTCGGAGGCTGCAAGAGTGCTCACCACGGACGCGTAATGTTCTAGCCGCCGATGCTGCGCGTGATGCCTACGGGCTGGATGACGCGCAGGCCAACTCGCCGCGCACTACGAAAGCGATCCTGAAAGAAGCAAAGCGACTGGATGCCTTGGGTCGCCCGCCCTTGAGTTGGTGA | L13: GCGGCCGCAGTTACCTGGAGTAGTGTTGGCTGTTGTTTGGTCCAGGTATTTATATGGAACCGAATCCTCCCCAAAGGCCACACAGCACGAGCAATCCAACGAAAATTTGGCGGCTGAATAACGTCAGCGTCAGCGTTTGAAAACTTTTAAAAGCAGATGTGAGCCAACGCCAATCAAAGAACGTTGCTAAAGTTGATGACTTAGTACTGCAGGAGTTAAAAAATGGGTTTGTGCGTTTCAAAAGGTAGCACAGCAAGCTCGCCTCAGCATTATGCGGTCCGATACACAGAGCAGGTCACGCCTTCCCCTTCACCTTCCGTGGCGTCCACGTCACCCAGTCTGCACGATTCGACGGCCATAGGGTCTCCCCTGGCGAGGCGTTCTGTCCTACTTCCGCACGAAGTTCAGCAGGCGGCCTACCAACTCGCTATGCGCCTCAACGGCAGGGCCATCGAAGACGCGAGCGACCGTAAACGCCTTGTCGACGCCACGGCGACGGTGCACGAGACACGACTCGCATTGCACCGTGGACGAGGCAAGGTCGACAGCGATCTGCGGCTCAGCAATGGACGGAGCGCTACCTATAGTTCCCTATCTTACTGCCTCGGCGAAGATGACGAAAATTTACTGGCAGGCAGCGCGCTGGCTGCCGGGGCAGGCAACTGTGACCACAACGCAGCGATTAACACACGTCGGCATGCGGTCCGCATGGAGGATGGCGGCCAGATGATGACCGTACGTGACTATGAGCAGACCCACCTCTACGCGCTGTACCAGCCGCCAAACTCGGCAGAAGCGGACGAATCCACTGTAGTCCTTGACTCGTGGGGCGACGGTCCAGCCGTTCTACTGAGGGATTCGCACTGGGCCGAATCGTATGGAACGTCCACCCACGTAATTGAACGATTCGACAAGCCTGATGCAACCGACGCGCTGGCGAGGACTAACGCATTCAGAGCCGAGATCGAGAACCCTCAAACTGCGCTCCATGCGAATGCGCGCGAGTTGGAGACAGCCTTTCTCGCCAATCCCGCACCTGGCGACATCTTTTCCGCTATGCCGGTCATCGCTCCCCATCTGGCCGAAAGCACGCGTCGGAGGCTGCAAGAGTGCTCACCACGGACGCGTAATGTTCTAGCCGCCGATGCTGCGCGTGATGCCTACGGGCTGGATGACGCGCAGGCCAACTCGCCGCGCACTACGAAAGCGATCCTGAAAGAAGCAAAGCGACTGGATGCCTTGGGTCGCCCGCCCTTGAGTTGGGGCGCATACCCTTACGATGTTCCTGATTACGCATGAGCACCGTACAGCCCGCCTAATGAGCGGGCTTTTTTTTGCGCGTAGCAGATGATGACAAGTCGCGGCCGC | M13: GCACCGTA | N13: =LEN(L13) -> 1368 | O13: =LEN(K13) -> 1044 | P13: MGLCVSKGSTASSPQHYAVRYTEQVTPSPSPSVASTSPSLHDSTAIGSPLARRSVLLPHEVQQAAYQLAMRLNGRAIEDASDRKRLVDATATVHETRLALHRGRGKVDSDLRLSNGRSATYSSLSYCLGEDDENLLAGSALAAGAGNCDHNAAINTRRHAVRMEDGGQMMTVRDYEQTHLYALYQPPNSAEADESTVVLDSWGDGPAVLLRDSHWAESYGTSTHVIERFDKPDATDALARTNAFRAEIENPQTALHANARELETAFLANPAPGDIFSAMPVIAPHLAESTRRRLQECSPRTRNVLAADAARDAYGLDDAQANSPRTTKAILKEAKRLDALGRPPLSW* | Q13: =(O13-3)/3 -> 347 | R13: 37.53468 | S13: 1 | T13: 0 | U13: 1 | V13: 0
A14: 18 | B14: AvrRpm1a | C14: AvrRpm | D14: AvrRpm1 | E14: 76 | F14: PsaCFBP7286_AvrRpm1a_1 | J14: GGAACTCATTAGCTTTCGAATGCCACAGA | K14: ATGGGCTGTGTATCGAGTACGTCAAGAAGCACTGGATATTATTCTGGTTACGAAAGCCATGAGGAACCCAGGGCGGCAAGCAGACCGACGAACAGCGATGATCGCGGCTACGAAACTGATTCAGAGCCATCCAGTGGCAACTTGATACCCAATGCGAGGAGAGTGTATAGCGAATCTGTTTTGTGGCACGGTACATCCATGCAATCAAAAATAGACTTGAGAAGCAAAGGGTTCGATGCAGGTAGAAAAACTGGCGGCGCTACTGCAGGTGGCAACGCAAATATGTTTATGAACTTGAGTAGGGAGGCTCAGTCTGAATCCAGACAACATCATTATTTGTCTTCATCCCGAAAAGAAGCCAAGGACTTTGCCATTTTTGCTGACATGAGTAATCCCACACTGGTACGCACTATCGGCGTCAGAAACAACTTAAGCCTGATAACCGACCCCAGAACCGGCGGCACCGCACTCATGACAGATCAATCGATTCCGCGCAAATTTGTGCTCGGATCAAAAAGCAGTGCTCCCGGAGAAAATGCGAAAGTCTTCAGGGATGAAATGCGTGCGGCAGGACACAATGTGTCGACAAAGCAAGCCGGCGAACTGCTCAGAGAAGTCCAGTCTGATTCAGACGATGACAACTTCCCTGACCCCGATGACTTTATCATGAGCCGCTTTACTGGATAA | L14: GCGGCCGCAGTTACCTGGAGTAGTGTTGGCCAGCGCAATGGGTCGACTCTGACAGGGAACTCATTAGCTTTCGAATGCCACAGATCAGTTCCATACTTTCAAGCAAGAGGTCTTTTATGGGCTGTGTATCGAGTACGTCAAGAAGCACTGGATATTATTCTGGTTACGAAAGCCATGAGGAACCCAGGGCGGCAAGCAGACCGACGAACAGCGATGATCGCGGCTACGAAACTGATTCAGAGCCATCCAGTGGCAACTTGATACCCAATGCGAGGAGAGTGTATAGCGAATCTGTTTTGTGGCACGGTACATCCATGCAATCAAAAATAGACTTGAGAAGCAAAGGGTTCGATGCAGGTAGAAAAACTGGCGGCGCTACTGCAGGTGGCAACGCAAATATGTTTATGAACTTGAGTAGGGAGGCTCAGTCTGAATCCAGACAACATCATTATTTGTCTTCATCCCGAAAAGAAGCCAAGGACTTTGCCATTTTTGCTGACATGAGTAATCCCACACTGGTACGCACTATCGGCGTCAGAAACAACTTAAGCCTGATAACCGACCCCAGAACCGGCGGCACCGCACTCATGACAGATCAATCGATTCCGCGCAAATTTGTGCTCGGATCAAAAAGCAGTGCTCCCGGAGAAAATGCGAAAGTCTTCAGGGATGAAATGCGTGCGGCAGGACACAATGTGTCGACAAAGCAAGCCGGCGAACTGCTCAGAGAAGTCCAGTCTGATTCAGACGATGACAACTTCCCTGACCCCGATGACTTTATCATGAGCCGCTTTACTGGAGGCGCATACCCTTACGATGTTCCTGATTACGCATAAGCACAATGCAGCCCGCCTAATGAGCGGGCTTTTTTTTGCGCGTAGCAGATGATGACAAGTCGCGGCCGC | M14: GCACAATG | N14: =LEN(L14) -> 905 | O14: =LEN(K14) -> 687 | P14: MGCVSSTSRSTGYYSGYESHEEPRAASRPTNSDDRGYETDSEPSSGNLIPNARRVYSESVLWHGTSMQSKIDLRSKGFDAGRKTGGATAGGNANMFMNLSREAQSESRQHHYLSSSRKEAKDFAIFADMSNPTLVRTIGVRNNLSLITDPRTGGTALMTDQSIPRKFVLGSKSSAPGENAKVFRDEMRAAGHNVSTKQAGELLREVQSDSDDDNFPDPDDFIMSRFTG* | Q14: =(O14-3)/3 -> 228 | R14: 24.90627 | S14: 1 | T14: 0 | U14: 1 | V14: 0
A15: 19 | B15: AvrRpm1h | C15: AvrRpm | D15: AvrRpm1 | E15: 3 | F15: PthICMP3923_AvrRpm1h_1 | J15: GGAACTCATTTGCTGTTTGATGCCACAGA | K15: ATGGGCTGTGTATCGAGTACATCAAGAAGCACTGGCTATTACTCCGGCTACGAAAGCCATGAGGAACCCAGGGCGGCAAGCAGAACCGCAAACAGCAATGAGCGCGGCTACGAAACCGATTCCGAGCCATCCCGCGACAACTTGTTACCCAATGCCAAGAGAGTGTATAGCGAGTCTGTTTTGTGGCACGGCACGTCCATGCAATCAAAAATAGACTTGAGAAGCAAAGGGTTTGATGCGGATAGAAAAAAAGGCGGCGCTACAGAAGGTGGCAACGCCAATATGTTTATGAACCTGAGCAGTGAGGCTCAGGCGGAATCCAGACAGAATCACTATGTGTCGTCCTCCCGAAAGGAAGCCAAGGACTTTGCCATGTTCGCTGACATGAGTAATCCCGGACTGGTACGCACCATCGGCCTCAGAAGCAACTTCAATCTGATATCCGACCCCAGGACCGGCGGCACTGCGCTCATGACAGATCAGTCGATTCATCGGAAGTTTGTGCTCGGATCAAAAAGCAGTGCTCCCGGAGAAAACGCAAAGGTCTTCAGGGATGAAATGCATGCAGCGGGGTACGATGTATCGACGAAGCAAGCCGGCAAGCTGCTTAGAGAAGTCCAGTCTGATTCAGATGATGACAACTTCCCGGACCCCGATGACTTTATCATGAGCCGATTCAGGGGCTGA | L15: GCGGCCGCAGTTACCTGGAGTAGTGTTGGCCTTTAGCCTGACAGAAGCCAAGCTGGGAACTCATTTGCTGTTTGATGCCACAGATAACGTCCATACGTTCAATCAAAAGGTTTTTTATGGGCTGTGTATCGAGTACATCAAGAAGCACTGGCTATTACTCCGGCTACGAAAGCCATGAGGAACCCAGGGCGGCAAGCAGAACCGCAAACAGCAATGAGCGCGGCTACGAAACCGATTCCGAGCCATCCCGCGACAACTTGTTACCCAATGCCAAGAGAGTGTATAGCGAGTCTGTTTTGTGGCACGGCACGTCCATGCAATCAAAAATAGACTTGAGAAGCAAAGGGTTTGATGCGGATAGAAAAAAAGGCGGCGCTACAGAAGGTGGCAACGCCAATATGTTTATGAACCTGAGCAGTGAGGCTCAGGCGGAATCCAGACAGAATCACTATGTGTCGTCCTCCCGAAAGGAAGCCAAGGACTTTGCCATGTTCGCTGACATGAGTAATCCCGGACTGGTACGCACCATCGGCCTCAGAAGCAACTTCAATCTGATATCCGACCCCAGGACCGGCGGCACTGCGCTCATGACAGATCAGTCGATTCATCGGAAGTTTGTGCTCGGATCAAAAAGCAGTGCTCCCGGAGAAAACGCAAAGGTCTTCAGGGATGAAATGCATGCAGCGGGGTACGATGTATCGACGAAGCAAGCCGGCAAGCTGCTTAGAGAAGTCCAGTCTGATTCAGATGATGACAACTTCCCGGACCCCGATGACTTTATCATGAGCCGATTCAGGGGCGGCGCATACCCTTACGATGTTCCTGATTACGCATGAAATATCGTCAGCCCGCCTAATGAGCGGGCTTTTTTTTGCGCGTAGCAGATGATGACAAGTCGCGGCCGC | M15: AATATCGT | N15: =LEN(L15) -> 905 | O15: =LEN(K15) -> 687 | P15: MGCVSSTSRSTGYYSGYESHEEPRAASRTANSNERGYETDSEPSRDNLLPNAKRVYSESVLWHGTSMQSKIDLRSKGFDADRKKGGATEGGNANMFMNLSSEAQAESRQNHYVSSSRKEAKDFAMFADMSNPGLVRTIGLRSNFNLISDPRTGGTALMTDQSIHRKFVLGSKSSAPGENAKVFRDEMHAAGYDVSTKQAGKLLREVQSDSDDDNFPDPDDFIMSRFRG* | Q15: =(O15-3)/3 -> 228 | R15: 25.12351 | S15: 1 | T15: 0 | U15: 1 | V15: 0
A16: 20 | B16: AvrRpm1d | C16: AvrRpm | D16: AvrRpm1 | E16: 13 | F16: PfiICMP7848_AvrRpm1d_1 | J16: GGAACTCATTTTCTTTTAAAACCACACA | K16: ATGGGCTGTGTATCGAGCACTTCAAGAAGTACTGGATATTATTCCGGTTACGAAAGTCATGATGAGCCAAGGGTGGCAAGTAGCCCGGCAAACAGGCATGATCGCGGCTACGAAACCGATTCCGAGCATTCCAATGACAACTTAATACCCAATGCGAGGAGAGTGTATAAAGAGTCTGTTTTGTGGCATGGTACATCTATGCAATCAAAAATAGATTTGAGAAGGCAAGGGTTTGATGTGAATAGAAAAACTGATGGTGCAACCGAGGGATCTAGAACATCGAACTCAGCCCCTACAGACACGCTCATCAGAAATGCTAGACGTCACAACTACTTAACAGCTTATGATGTAACAGCTAAGAATTATGCTCGAAGAGCAGACCCCGAATCCCCAGCCCTAGTTAGAACTATAGGTGTCAAGAGTAATTTTAATATTGAGCTAGATCCTGAATCGAAAGACGAGAATGGTGAAATATCCCAATTCAGCTGTAGAACGACAGATTCAATACCTAAAAAATACATTGTTGGAAGCAAGAGCAGCCAGCCGGGAGCGGATGCAAAGGTTTTTAAAACAGAACTCTCCAATGCGGGTTTTGAAGTTTCCACAAGCCGTGCAGGCGAGTTATTAAGAGCTGTTCAGTCTGACTCAGAAGATGACTTTTAA | L16: GCGGCCGCAGTTACCTGGAGTAGTGTTGGCCGCCCAGTGGAGTCTGTTCCAGCAGGGAACTCATTTTCTTTTAAAACCACACATGTACTCCATACCTTCAATCAAAAGGTTTTTTATGGGCTGTGTATCGAGCACTTCAAGAAGTACTGGATATTATTCCGGTTACGAAAGTCATGATGAGCCAAGGGTGGCAAGTAGCCCGGCAAACAGGCATGATCGCGGCTACGAAACCGATTCCGAGCATTCCAATGACAACTTAATACCCAATGCGAGGAGAGTGTATAAAGAGTCTGTTTTGTGGCATGGTACATCTATGCAATCAAAAATAGATTTGAGAAGGCAAGGGTTTGATGTGAATAGAAAAACTGATGGTGCAACCGAGGGATCTAGAACATCGAACTCAGCCCCTACAGACACGCTCATCAGAAATGCTAGACGTCACAACTACTTAACAGCTTATGATGTAACAGCTAAGAATTATGCTCGAAGAGCAGACCCCGAATCCCCAGCCCTAGTTAGAACTATAGGTGTCAAGAGTAATTTTAATATTGAGCTAGATCCTGAATCGAAAGACGAGAATGGTGAAATATCCCAATTCAGCTGTAGAACGACAGATTCAATACCTAAAAAATACATTGTTGGAAGCAAGAGCAGCCAGCCGGGAGCGGATGCAAAGGTTTTTAAAACAGAACTCTCCAATGCGGGTTTTGAAGTTTCCACAAGCCGTGCAGGCGAGTTATTAAGAGCTGTTCAGTCTGACTCAGAAGATGACTTTGGCGCATACCCTTACGATGTTCCTGATTACGCATAATTCAGTGCCAGCCCGCCTAATGAGCGGGCTTTTTTTTGCGCGTAGCAGATGATGACAAGTCGCGGCCGC | M16: TTCAGTGC | N16: =LEN(L16) -> 880 | O16: =LEN(K16) -> 663 | P16: MGCVSSTSRSTGYYSGYESHDEPRVASSPANRHDRGYETDSEHSNDNLIPNARRVYKESVLWHGTSMQSKIDLRRQGFDVNRKTDGATEGSRTSNSAPTDTLIRNARRHNYLTAYDVTAKNYARRADPESPALVRTIGVKSNFNIELDPESKDENGEISQFSCRTTDSIPKKYIVGSKSSQPGADAKVFKTELSNAGFEVSTSRAGELLRAVQSDSEDDF* | Q16: =(O16-3)/3 -> 220 | R16: 24.37149 | S16: 1 | T16: 1 | U16: 1 | V16: 1 | W16: RPM1
A17: 21 | B17: AvrRpm1e | C17: AvrRpm | D17: AvrRpm1 | E17: 12 | F17: PneICMP13781_AvrRpm1e_1 | J17: GGAACCAAATATGTAGTTATGGTCACTCA | K17: ATGGGTAATATATGTGGTACTTCTGGCTCCCATCATGTGTATAGTCCGCCAGTTAGCCCTCGAAATGTCTCTGGTTCGTCAACACCAGAATACAGTGCAGGTGGCCAAGCCCTAACGTCAGCATCTCATCTTTCTGGAGGGGCACGAGAAGATTTTCTCACGCGTGCTGCAGCGGACGTATATAAAAATAGTCGGCTCTGGCACGGCACTTCGGGGAGCTATTTGCAAGAACTCAGAGATAATGGGTTTCAGCTTCAGCGGAGGCGTTCAGGTGCTGTAGACGCTACGCTCCGAGCCGGCTACGAATTAAACCCGGATGTCGTGAAAAATACGGAAAAGCATAATTATTTTACTAGTTATCCGGTATCTGCAAAAAAATATGCTCGTCGGACAGATCCAGATAACCCCGTTCTCGTTAGAACTATAGGGATAAAAAACAACTTTCCAATTGAGCTGGATCCTGACAGCAAAGGCCCAGACGGAGAAATTTTTCCGTATAATTGTAGGACAACCTCATCCATTCCTTCAAAGTTTGTAGTTGGATCTAAACATAGCTCGCCCAAAAATGATGCCAAAGTTTTTAAAAAGGAAATGGGTGAAGCGGGCTATAATGTCTCTCTCGAGCAAGCGGGACGATTACTGCGGGAAGTGCAGTCAGATTCTGACGACGACTTCTGA | L17: GCGGCCGCAGTTACCTGGAGTAGTGTTGGCTCCGCGGCTTCCAAAAAAATCGATGGAACCAAATATGTAGTTATGGTCACTCACCTGACTTAAAAGGTAGAGGTACTTCATGGGTAATATATGTGGTACTTCTGGCTCCCATCATGTGTATAGTCCGCCAGTTAGCCCTCGAAATGTCTCTGGTTCGTCAACACCAGAATACAGTGCAGGTGGCCAAGCCCTAACGTCAGCATCTCATCTTTCTGGAGGGGCACGAGAAGATTTTCTCACGCGTGCTGCAGCGGACGTATATAAAAATAGTCGGCTCTGGCACGGCACTTCGGGGAGCTATTTGCAAGAACTCAGAGATAATGGGTTTCAGCTTCAGCGGAGGCGTTCAGGTGCTGTAGACGCTACGCTCCGAGCCGGCTACGAATTAAACCCGGATGTCGTGAAAAATACGGAAAAGCATAATTATTTTACAAGTTATCCGGTATCTGCAAAAAAATATGCTCGTCGGACAGATCCAGATAACCCCGTTCTCGTTAGAACTATAGGGATAAAAAACAACTTTCCAATTGAGCTGGACCCTGACAGCAAAGGCCCAGACGGAGAAATTTTTCCGTATAATTGTAGGACAACCTCATCCATTCCTTCAAAGTTTGTAGTTGGATCTAAACATAGCTCGCCCAAAAATGATGCCAAAGTTTTTAAAAAGGAAATGGGTGAAGCGGGCTATAATGTCTCTCTCGAGCAAGCGGGACGATTACTGCGGGAAGTGCAGTCAGATTCTGACGACGACTTCGGCGCATACCCTTACGATGTTCCTGATTACGCATGAAGCCTTATCAGCCCGCCTAATGAGCGGGCTTTTTTTTGCGCGTAGCAGATGATGACAAGTCGCGGCCGC | M17: AGCCTTAT | N17: =LEN(L17) -> 889 | O17: =LEN(K17) -> 678 | P17: MGNICGTSGSHHVYSPPVSPRNVSGSSTPEYSAGGQALTSASHLSGGAREDFLTRAAADVYKNSRLWHGTSGSYLQELRDNGFQLQRRRSGAVDATLRAGYELNPDVVKNTEKHNYFTSYPVSAKKYARRTDPDNPVLVRTIGIKNNFPIELDPDSKGPDGEIFPYNCRTTSSIPSKFVVGSKHSSPKNDAKVFKKEMGEAGYNVSLEQAGRLLREVQSDSDDDF* | Q17: =(O17-3)/3 -> 225 | R17: 24.59412 | S17: 1 | T17: 0 | U17: 0 | V17: 0
A18: 22 | B18: AvrRpm1f | C18: AvrRpm | D18: AvrRpm1 | E18: 7 | F18: PneICMP13786_AvrRpm1f_1 | J18: GGAACCAAATATGTAGTTATGGTCACTCA | K18: GTGGGTAATATTTGTGGTACTTCTGGCTCCCATCATGTGTATAGTCCGCCAGTTAGCCCTCGAAATGTTTCTGGTTCATCAACACCAGCATACAGTGCAGGTGGCCAAGACCTAGCCTCAGCATCTCATCTTTCCGAAGAGGCACGAGAAGATTTTCTTACGCGTGCTGCAGCGGACGTATATCACGATAGTAGGCTCTGGCACGGAACTTCGGGGAGCTATTTGCAAGAACTCAGAGATTATGGGTTTCAGCGGAGGCGTTCAGGTGCTGTAGACGCTTCTATCCGAGCCGGCTACGAATTAAACCCGGATGTCGTGAAAAATACGGAAAAGCATAATTATTTTACTAGTTATCCGGTATCTGCAAAAAAATATGCTCGTCGGACAGATCCAGATAACCCCGTTCTCGTTAGAACTATAGGGATAAAAAACAACTTTCGAATTGAGCTGGATCCTGACAGCAAAGGCCCTGACGGAGAAATTTATCAGTATAATTGTAGGACAACCTCATCCATTCCGTCAAAGTTTGTAATTGGATCAAAACATAGCGCACCCAAAAATGATGCCAAAATTTTTAAAAAGGAAATGGGTGAAGCAGGCTATAATGTCTCTCTCGAGCAAGCGGGACGATTACTGCGGGAAGTGCAGTCAGATTCTGACGACGACTTCTGA | L18: GCGGCCGCAGTTACCTGGAGTAGTGTTGGCTCCCCGGCCCCCAAAAAATTTCGATGGAACCAAATATGTAGTTATGGTCACTCACCTGACTTAAAGGTAGAGGTAGAGGTATTTCATGGGTAATATTTGTGGTACTTCTGGCTCCCATCATGTGTATAGTCCGCCAGTTAGCCCTCGAAATGTTTCTGGTTCATCAACACCAGCATACAGTGCAGGTGGCCAAGACCTAGCCTCAGCATCTCATCTTTCCGAAGAGGCACGAGAAGATTTTCTTACGCGTGCTGCAGCGGACGTATATCACGATAGTAGGCTCTGGCACGGAACTTCGGGGAGCTATTTGCAAGAACTCAGAGATTATGGGTTTCAGCGGAGGCGTTCAGGTGCTGTAGACGCTTCTATCCGAGCCGGCTACGAATTAAACCCGGATGTCGTGAAAAATACGGAAAAGCATAATTATTTTACAAGTTATCCGGTATCTGCAAAAAAATATGCTCGTCGGACAGATCCAGATAACCCCGTTCTCGTTAGAACTATAGGGATAAAAAACAACTTTCGAATTGAGCTGGACCCTGACAGCAAAGGCCCTGACGGAGAAATTTATCAGTATAATTGTAGGACAACCTCATCCATTCCGTCAAAGTTTGTAATTGGATCAAAACATAGCGCACCCAAAAATGATGCCAAAATTTTTAAAAAGGAAATGGGTGAAGCAGGCTATAATGTCTCTCTCGAGCAAGCGGGACGATTACTGCGGGAAGTGCAGTCAGATTCTGACGACGACTTCGGCGCATACCCTTACGATGTTCCTGATTACGCATGAGCCGAATTCAGCCCGCCTAATGAGCGGGCTTTTTTTTGCGCGTAGCAGATGATGACAAGTCGCGGCCGC | M18: GCCGAATT | N18: =LEN(L18) -> 889 | O18: =LEN(K18) -> 672 | P18: VGNICGTSGSHHVYSPPVSPRNVSGSSTPAYSAGGQDLASASHLSEEAREDFLTRAAADVYHDSRLWHGTSGSYLQELRDYGFQRRRSGAVDASIRAGYELNPDVVKNTEKHNYFTSYPVSAKKYARRTDPDNPVLVRTIGIKNNFRIELDPDSKGPDGEIYQYNCRTTSSIPSKFVIGSKHSAPKNDAKIFKKEMGEAGYNVSLEQAGRLLREVQSDSDDDF* | Q18: =(O18-3)/3 -> 223 | R18: 24.58398 | S18: 1 | T18: 0 | U18: 1 | V18: 0
A19: 23 | B19: AvrRpm1i | C19: AvrRpm | D19: AvrRpm1 | E19: 2 | F19: PmaH7608_AvrRpm1i_1 | J19: GGAACCAAATATGTAGTTATGGTCACTCA | K19: ATGGGTAATATATGTGGTACTTCTGGCTCCCATCATGTGTATAGTCCGCCAGTTAGCCCTCGAAATGTCTCTGGTTCGTCAACACCAGAATACAGTGCAGGCGGCCAAGCCCTAACGTCAGCATCCCATCTTTCTGGAGGGGCACGAGAAGATTTTCTCACGCGTGCTGCAGCGGACGTATATAAAAATAGTCGGCTCTGGCACGGAACTTCAGGGAGCTATTTGGAAGAACTCAGAGATTACGGGTTTCAGCGGAGGCGTTCAGGTGCTGTAGACGCCACTCTCCGCGCCGGCTACGAATTGAACCCGGCTGTTGTGAAAAACACGGAGAAGCATAATTATTTTACTAGTTATCCGGTAACTGCAAAAAACTATGCTCGTCGGACAGATCCAGACAATCCCGTTCTTGTGCGGACCATCGGGTTGAGGAACAACTTTTCCCTCGAGCTAGATCCAGACAGTAAAGGCCCGGACGGAGAGATTTCCAAATATAGTTGTAGGACAACCTCATCCATTCCTTCAAAGTTTGTAGTTGGATCAAAACATAGCGCGCCCAAGGATGATGCCAAAGTTTTTAAAGAGGAAATGGGTGAGGCAGGCTATAATGTCTCTCGCGAGCAAGCGGGACGATTACTGCGGGAAGTGCAGTCAGATTCTGACGACGATTTCTGA | L19: GCGGCCGCAGTTACCTGGAGTAGTGTTGGCTCCGCGGCTTCCAAAAAAATCGATGGAACCAAATATGTAGTTATGGTCACTCACCTGACTTAAAGGTAGAGGTACTTCAATGGGTAATATATGTGGTACTTCTGGCTCCCATCATGTGTATAGTCCGCCAGTTAGCCCTCGAAATGTCTCTGGTTCGTCAACACCAGAATACAGTGCAGGCGGCCAAGCCCTAACGTCAGCATCCCATCTTTCTGGAGGGGCACGAGAAGATTTTCTCACGCGTGCTGCAGCGGACGTATATAAAAATAGTCGGCTCTGGCACGGAACTTCAGGGAGCTATTTGGAAGAACTCAGAGATTACGGGTTTCAGCGGAGGCGTTCAGGTGCTGTAGACGCCACTCTCCGCGCCGGCTACGAATTGAACCCGGCTGTTGTGAAAAACACGGAGAAGCATAATTATTTTACAAGTTATCCGGTAACTGCAAAAAACTATGCTCGTCGGACAGATCCAGACAATCCCGTTCTTGTGCGGACCATCGGGTTGAGGAACAACTTTTCCCTCGAGCTAGATCCAGACAGTAAAGGCCCGGACGGAGAGATTTCCAAATATAGTTGTAGGACAACCTCATCCATTCCTTCAAAGTTTGTAGTTGGATCAAAACATAGCGCGCCCAAGGATGATGCCAAAGTTTTTAAAGAGGAAATGGGTGAGGCAGGCTATAATGTCTCTCGCGAGCAAGCGGGACGATTACTGCGGGAAGTGCAGTCAGATTCTGACGACGATTTCGGCGCATACCCTTACGATGTTCCTGATTACGCATGATAGCCAACCAGCCCGCCTAATGAGCGGGCTTTTTTTTGCGCGTAGCAGATGATGACAAGTCGCGGCCGC | M19: TAGCCAAC | N19: =LEN(L19) -> 883 | O19: =LEN(K19) -> 672 | P19: MGNICGTSGSHHVYSPPVSPRNVSGSSTPEYSAGGQALTSASHLSGGAREDFLTRAAADVYKNSRLWHGTSGSYLEELRDYGFQRRRSGAVDATLRAGYELNPAVVKNTEKHNYFTSYPVTAKNYARRTDPDNPVLVRTIGLRNNFSLELDPDSKGPDGEISKYSCRTTSSIPSKFVVGSKHSAPKDDAKVFKEEMGEAGYNVSREQAGRLLREVQSDSDDDF* | Q19: =(O19-3)/3 -> 223 | R19: 24.3497 | S19: 1 | T19: 0 | U19: 1 | V19: 0
A20: 46 | B20: HopO1h | C20: HopO | D20: HopO1 | E20: 2 | F20: PavICMP9749_HopO1h_1 | J20: GGAACGGTCTCGCGGCAAGTCTTACGGA | K20: ATGAATATCAACCCTTCCCAAGGCACCTATGGCAGTGCCTACTCGTCGTCCCAAAATGATACATCGAAGGCCACTGGAAAAGCCCCTGCGCCCTCTTTGCTCAAACAGTTGGGCAGCTGTTTCTCGCCATGCCTTGGTTCTCAAGCCTCAAGCAGCCAACACCTGTCCGCCAGTCATGCGCAAACGCTCAGTCAGAATTACTCCAGCAACATTCCAGAGGGGACGAGCCGCACACGCCAGCCGAGAGCGCCCTCGCCACGCCTGTCAGATACGCCCATGAAGCAGGCGCTTTCCTCAATGATCGGACGCGAGCGTTTGCGGCTTCAAGGTCTTTCGGGAGGAATGTTCTCGGGCATTGACTCCGCCGATGCCATGATTGGTCGAGCGCTCACGAAGAAGGATTCAAACCCAAAGGCTGCGCGTTTTAGTGATGATGAGTTTCTCGCCATTCACCTCTACACAACTTGCCTCTACAGACCTATCAATCATCATCTTCGGTATCAACACCAGGATGATGTACCTCCGATTGTGGAGGCCCTGAAGAGTGGTCTCGCCAAGCTTGCCCGCGATCCCGACTATCAAGTAGCTGCCCCGCTTCACCGAGGCATCGAAAAAACCATGTCTGATGAAGAGGTCATGAAGCGTTTCAATTCCGGTAGGCCGTACCGTGATGAAGCGTTCATGAGTACATCGACCGATTCCGTCATTGCGAACAGTTTGACCTCAAGCGTGGCACTGCACCTTCAATCAACCTCTGCGGTCAATGTGAGCCCGTTCGCCATAAATGCCCACGAGAAAGAGGCGATTATCCCGCCTCAAACCCCTTTCGAGGTCGTGGGGCTCAAGAAAATGCACAGTACTTGGCATGTGGATTTGAAAGAAGTTCAGGACAACGCTGACGGGAGTTAG | L20: GCGGCCGCAGTTACCTGGAGTAGTGTTGGCTTCTACCTGGTTTTATTCAAGGCTCGGAACGGTCTCGCGGCAAGTCTTACGGACAAATAAAAGCTTTTTTCCGGCCGGAGCTTTAAGCTCGCGCTTCAAATCGGTCCTCATCACAGACGCTAGGTTTTCATTCCATGAATATCAACCCTTCCCAAGGCACCTATGGCAGTGCCTACTCGTCGTCCCAAAATGATACATCGAAGGCCACTGGAAAAGCCCCTGCGCCCTCTTTGCTCAAACAGTTGGGCAGCTGTTTCTCGCCATGCCTTGGTTCTCAAGCCTCAAGCAGCCAACACCTGTCCGCCAGTCATGCGCAAACGCTCAGTCAGAATTACTCCAGCAACATTCCAGAGGGGACGAGCCGCACACGCCAGCCGAGAGCGCCCTCGCCACGCCTGTCAGATACGCCCATGAAGCAGGCGCTTTCCTCAATGATCGGACGCGAGCGTTTGCGGCTTCAAGGTCTTTCGGGAGGAATGTTCTCGGGCATTGACTCCGCCGATGCCATGATTGGTCGAGCGCTCACGAAGAAGGATTCAAACCCAAAGGCTGCGCGTTTTAGTGATGATGAGTTTCTCGCCATTCACCTCTACACAACTTGCCTCTACAGACCTATCAATCATCATCTTCGGTATCAACACCAGGATGATGTACCTCCGATTGTGGAGGCCCTGAAGAGTGGTCTCGCCAAGCTTGCCCGCGATCCCGACTATCAAGTAGCTGCCCCGCTTCACCGAGGCATCGAAAAAACCATGTCTGATGAAGAGGTCATGAAGCGTTTCAATTCCGGTAGGCCGTACCGTGATGAAGCGTTCATGAGTACATCGACCGATTCCGTCATTGCGAACAGTTTGACCTCAAGCGTGGCACTGCACCTTCAATCAACCTCTGCGGTCAATGTGAGCCCGTTCGCCATAAATGCCCACGAGAAAGAGGCGATTATCCCGCCTCAAACCCCTTTCGAGGTCGTGGGGCTCAAGAAAATGCACAGTACTTGGCATGTGGATTTGAAAGAAGTTCAGGACAACGCTGACGGGAGTGGCGCATACCCTTACGATGTTCCTGATTACGCATAGTCGGGATACAGCCCGCCTAATGAGCGGGCTTTTTTTTGCGCGTAGCAGATGATGACAAGTCGCGGCCGC | M20: TCGGGATA | N20: =LEN(L20) -> 1175 | O20: =LEN(K20) -> 909 | P20: MNINPSQGTYGSAYSSSQNDTSKATGKAPAPSLLKQLGSCFSPCLGSQASSSQHLSASHAQTLSQNYSSNIPEGTSRTRQPRAPSPRLSDTPMKQALSSMIGRERLRLQGLSGGMFSGIDSADAMIGRALTKKDSNPKAARFSDDEFLAIHLYTTCLYRPINHHLRYQHQDDVPPIVEALKSGLAKLARDPDYQVAAPLHRGIEKTMSDEEVMKRFNSGRPYRDEAFMSTSTDSVIANSLTSSVALHLQSTSAVNVSPFAINAHEKEAIIPPQTPFEVVGLKKMHSTWHVDLKEVQDNADGS* | Q20: =(O20-3)/3 -> 302 | R20: 32.80073 | S20: 1 | T20: 0 | U20: 1 | V20: 0
A21: 51 | B21: HopU1a | C21: HopU | D21: HopU1 | E21: 15 | F21: Pap1089_5_HopU1a_1 | J21: GGAACCTGATGCTGCTCAGTGACCACTCA | K21: ATGAATATAAATCGACAACTGCCTGTATCAGGCTCGGAGCGATTGTTGACTCCCGACGTGGGCGTATCTCGCCAGGCTTGTTCCGAAAGGCATTATTCTACTGGACAGGATCGGCATGATTTTTACCGTTTTGCTGCCAGGCTACATGTGGATGCGCAGTGTTTTGGTCTGTCAATAGACGATTTGATGGATAAGTTTTCTGACAAGCACTTCAGGGCTGAGCATCCTGAATACAGGGATGTCTATCCGGAGGAATGTTCTGCCATTTATATGCATACCGCTCAAGACTATTCTAGTCACCTCGTAAGGGGGGAAATAGGAACGCCGCTGTACCGAGAGGTCAATAATTATCTTCGACTTCAACATGAGAATTCTGGGCGAGAAGCTGAAATTGATAATCACGACGAAAAGCTATCGCCTCACATAAAAATGCTTTCATCTGCGCTTAATCGTTTAATGGATGTCGCCGCTTTTAGAGGAACGGTTTATAGAGGAATTCGCGGTGATTTAGATACGATTGCTCGGCTCTACCATCTATTCGATACGGGCGGCCGGTACGTAGAGCCCGCTTTCATGAGTACAACTCGAATAAAGGACAGTGCTCAGGTGTTTGAGCCAGGCACGCCAAACAACATAGCTTTCCAGATAAGCCTAAAAAGAGGAGCCGACATTTCGGGATCTTCCCAAGCGCCCTCAGAGGAAGAAATCATGCTACCCATGATGAGTGAGTTCGTCATTGAACATGCATCCGCTCTTTCCGAAGGAAAGCATTTATTTGTATTAAGTCAGATTTGA | L21: GCGGCCGCAGTTACCTGGAGTAGTGTTGGCCTCACTGACGAGCATCATCAAAAAGGGAACCTGATGCTGCTCAGTGACCACTCATAACCTTAAATTATGAGGATATGAGGAGATGCATTAATGAATATAAATCGACAACTGCCTGTATCAGGCTCGGAGCGATTGTTGACTCCCGACGTGGGCGTATCTCGCCAGGCTTGTTCCGAAAGGCATTATTCTACTGGACAGGATCGGCATGATTTTTACCGTTTTGCTGCCAGGCTACATGTGGATGCGCAGTGTTTTGGTCTGTCAATAGACGATTTGATGGATAAGTTTTCTGACAAGCACTTCAGGGCTGAGCATCCTGAATACAGGGATGTCTATCCGGAGGAATGTTCTGCCATTTATATGCATACCGCTCAAGACTATTCTAGTCACCTCGTAAGGGGGGAAATAGGAACGCCGCTGTACCGAGAGGTCAATAATTATCTTCGACTTCAACATGAGAATTCTGGGCGAGAAGCTGAAATTGATAATCACGACGAAAAGCTATCGCCTCACATAAAAATGCTTTCATCTGCGCTTAATCGTTTAATGGATGTCGCCGCTTTTAGAGGAACGGTTTATAGAGGAATTCGCGGTGATTTAGATACGATTGCTCGGCTCTACCATCTATTCGATACGGGCGGCCGGTACGTAGAGCCCGCTTTCATGAGTACAACTCGAATAAAGGACAGTGCTCAGGTGTTTGAGCCAGGCACGCCAAACAACATAGCTTTCCAGATAAGCCTAAAAAGAGGAGCCGACATTTCGGGATCTTCCCAAGCGCCCTCAGAGGAAGAAATCATGCTACCCATGATGAGTGAGTTCGTCATTGAACATGCATCCGCTCTTTCCGAAGGAAAGCATTTATTTGTATTAAGTCAGATTGGCGCATACCCTTACGATGTTCCTGATTACGCATGACTCTGTCGCAGCCCGCCTAATGAGCGGGCTTTTTTTTGCGCGTAGCAGATGATGACAAGTCGCGGCCGC | M21: CTCTGTCG | N21: =LEN(L21) -> 1017 | O21: =LEN(K21) -> 795 | P21: MNINRQLPVSGSERLLTPDVGVSRQACSERHYSTGQDRHDFYRFAARLHVDAQCFGLSIDDLMDKFSDKHFRAEHPEYRDVYPEECSAIYMHTAQDYSSHLVRGEIGTPLYREVNNYLRLQHENSGREAEIDNHDEKLSPHIKMLSSALNRLMDVAAFRGTVYRGIRGDLDTIARLYHLFDTGGRYVEPAFMSTTRIKDSAQVFEPGTPNNIAFQISLKRGADISGSSQAPSEEEIMLPMMSEFVIEHASALSEGKHLFVLSQI* | Q21: =(O21-3)/3 -> 264 | R21: 29.9866 | S21: 1 | T21: 0 | U21: 1 | V21: 0
A22: 57 | B22: HopD1g | C22: HopD | D22: HopD1 | E22: 13 | F22: PtgICMP11161_HopD1g_1 | J22: GGAACCGTATCCGCTGTTACGGCCACTTA | K22: ATGCCCCGTCGCTCGATCCTCTCGGCCAGTGAGCGCGACACGTTGCTTGCGCTGCCGGACAGCCAAGACGACCTGATCCGCTATTACACCTTTAACGAATCCGACCTGTCGCTGATCCGTCAGCGACGGGGTGATGCCAATCGCCTCGGCTTTGCCGTGCAACTTTGTCTGTTGCGCTATCCCGGTTACGCGCTGGCCAGCGACAGCGTGCTGCCCGATCCGGTCATTGAGTGGATAGCCCGACAGGTTCAGGCAGCACCAGAAAGTTGGGCGAAGTACGGTCAGCGCGATGTCACCCGTCGAGAGCACGCCCAGGAACTGCGTGCCTACCTGGGTTTGCTGCCGTTCGGATTATCGGATTTCCGTGCCCTTGTACGCGAGTTGACCGGCCTGGCCCAGCAGACCGACAGAGGCCTGTTGCTGGCTGGGCAGGCGTTGGAGAGTCTGCGTCAGCAACGGCGGATCTTGCCGCCCCTTATGGTGATTGATCGAGCCTGCTCCGAGGCAGTGGCCCGATCCAACCGGAGGATTTATCGTGCTTTGATCGAGCCGCTGAACCAGCAGCATCGTAATAAGCTCGACGAACTATTGACCGTTAAGGCAGGCAGCAACAGCACTTGGTTGACCTGGCTACGCCAGTCACCATTGAAACCGAATTCACGGCACATGATGGAACACATTGAGCGGCTGAAGATTTTCCAACTGGTTGCGCTGCCTGAAGGGCTTGATGGGAGCATCCATCAGAACCGCCTGTTGAAGCTGGCCCGGGAAGGTGGGCAGATGACACCTCGGGATCTGGGCAAGTTCGAGAATGAGCGGCGCTACGCCACCCTGGTGGCCGTCGTGCTGGAAAGCACCGCTACGGTGACGGATGAACTGGTGGATCTGCACGACCGTATTCTAGTCAAGCTGTTCAGCAGTGCCAGAAACAAGCATCAGCAGCAATTTCAGAAGCAGGGTAAAGCGATCAACGACAAAGTACGCTTGTACTCGAAGATCGGACAGGCCCTGCTGGACGCCAAAGCCTCGGGTGAAGATCCCTTCGCCGCCATCGAGGCGGTCATGCCTTGGGATGAATTCGCTCAAAGCGTCACTGATGCCGAGCTGCTTGCCCGCCCAGAGGCCTTCGACCATCTGCACCTGGTCGGCGAGAACTTCAATACGCTGCGCCGCTACACTCCGGCCTTTATGGAGGTTCTTCAGCTGCGGGCCGCCCCAGCTGCGCAACGTGTGCTGGATGCCATCCAGCAGCTGCGCGAGATGAACGTAAACAATTTGCGCAAGGTGCCGTCGGACGCCCCGACCGCGTTCATCAAGCCCCGCTGGAAACCGCTGGTAATCACGCAGGAAGGGATCGATCGTCGTTTTTACGAAATCTGCGCCCTGTCCGAGCTGAAAAATGCGCTGCGCTCCGGTGACATCTGGGTCAAGGGTTCCCGGCAGTTCCGTGACTTTGAAGATTACCTGCTGCCACCCGCAAAGTTTGCCGCGCTCAAAAAGGAACAGGCGCTGCCATTAGCGATCAACCCCAACAGCGACCAGTACCTGGAAGAGCGCTTGCAGCTGCTGGATAAGCAGTTGGCCACCGTCGCCAAGCTAGCCAAGGACAATGAACTACCCGACGCGATCCTCACCGAGACCGGACTGAAGATCACGCCGCTGGATGCGGCGGTACCGGACACCGCCCAAGCGCTGATCGACAAGACCAGTCAGCTACTGCCACGCATCAAAATCACCGAGCTGCTGATGGACGTGGACGAGTGGACGGGATTTACACGTCACTTTACCCACCTGAAGGATGGGGCCCTTGCCAAGGATAAAACTCTGCTACTGACGCGCCATGCGCTGGATATCGCTCCGGGCGAAAGCACCGCTGTCAAGTCCATGGGGCTGGCATCGATTGTCGGGATGATTCCACTGATTGCCAGCAACAAGGCAACCGGGCTGCTGTCGGAACAGGTACTGCGTATTTTCCGGAGCGCCGTCTTCAATCCAATCGAAGCCATCGCTCTGAACGCGTTGGCGCTTGGCGGGCGTGTCAACGTTCCCGGGCTATTTGATTCAGACAATGCCAAGCATGCACGCGTGGTACAAACCATCCTTGCGCGGGCCAGCCAGCACATGGAAGCTGGAGACCGTTACATTTCCGCAGAGGAGCTACATCAAATGCTGGCTCCCCGGAGCGAGTTCCTGCGCCATGTGGGATCTGCGATCGTCAACGGCATGAATGCCAGCTTTGAGGCAATTCCCGCCCTGGTTCGGAAGCTTGGATATGGTGAGGCTCCATTGGCCGAACGTATTCCGTATCAAGACCTGGCTGTGCCCGACACGCCGCGGCAGCCCGCACCCTGA | L22: GCGGCCGCAGTTACCTGGAGTAGTGTTGGCAGCCGCAGGCTGAACCGTTTACCAAGGAACCGTATCCGCTGTTACGGCCACTTAGTGCAAATATTGCTATCTACGGATGTAATCATGCCCCGTCGCTCGATCCTCTCGGCCAGTGAGCGCGACACGTTGCTTGCGCTGCCGGACAGCCAAGACGACCTGATCCGCTATTACACCTTTAACGAATCCGACCTGTCGCTGATCCGTCAGCGACGGGGTGATGCCAATCGCCTCGGCTTTGCCGTGCAACTTTGTCTGTTGCGCTATCCCGGTTACGCGCTGGCCAGCGACAGCGTGCTGCCCGATCCGGTCATTGAGTGGATAGCCCGACAGGTTCAGGCAGCACCAGAAAGTTGGGCGAAGTACGGTCAGCGCGATGTCACCCGTCGAGAGCACGCCCAGGAACTGCGTGCCTACCTGGGTTTGCTGCCGTTCGGATTATCGGATTTCCGTGCCCTTGTACGCGAGTTGACCGGCCTGGCCCAGCAGACCGACAGAGGCCTGTTGCTGGCTGGGCAGGCGTTGGAGAGTCTGCGTCAGCAACGGCGGATCTTGCCGCCCCTTATGGTGATTGATCGAGCCTGCTCCGAGGCAGTGGCCCGATCCAACCGGAGGATTTATCGTGCTTTGATCGAGCCGCTGAACCAGCAGCATCGTAATAAGCTCGACGAACTATTGACCGTTAAGGCAGGCAGCAACAGCACTTGGTTGACCTGGCTACGCCAGTCACCATTGAAACCGAATTCACGGCACATGATGGAACACATTGAGCGGCTGAAGATTTTCCAACTGGTTGCGCTGCCTGAAGGGCTTGATGGGAGCATCCATCAGAACCGCCTGTTGAAGCTGGCCCGGGAAGGTGGGCAGATGACACCTCGGGATCTGGGCAAGTTCGAGAATGAGCGGCGCTACGCCACCCTGGTGGCCGTCGTGCTGGAAAGCACCGCTACGGTGACGGATGAACTGGTGGATCTGCACGACCGTATTCTAGTCAAGCTGTTCAGCAGTGCCAGAAACAAGCATCAGCAGCAATTTCAGAAGCAGGGTAAAGCGATCAACGACAAAGTACGCTTGTACTCGAAGATCGGACAGGCCCTGCTGGACGCCAAAGCCTCGGGTGAAGATCCCTTCGCCGCCATCGAGGCGGTCATGCCTTGGGATGAATTCGCTCAAAGCGTCACTGATGCCGAGCTGCTTGCCCGCCCAGAGGCCTTCGACCATCTGCACCTGGTCGGCGAGAACTTCAATACGCTGCGCCGCTACACTCCGGCCTTTATGGAGGTTCTTCAGCTGCGGGCCGCCCCAGCTGCGCAACGTGTGCTGGATGCCATCCAGCAGCTGCGCGAGATGAACGTAAACAATTTGCGCAAGGTGCCGTCGGACGCCCCGACCGCGTTCATCAAGCCCCGCTGGAAACCGCTGGTAATCACGCAGGAAGGGATCGATCGTCGTTTTTACGAAATCTGCGCCCTGTCCGAGCTGAAAAATGCGCTGCGCTCCGGTGACATCTGGGTCAAGGGTTCCCGGCAGTTCCGTGACTTTGAAGATTACCTGCTGCCACCCGCAAAGTTTGCCGCGCTCAAAAAGGAACAGGCGCTGCCATTAGCGATCAACCCCAACAGCGACCAGTACCTGGAAGAGCGCTTGCAGCTGCTGGATAAGCAGTTGGCCACCGTCGCCAAGCTAGCCAAGGACAATGAACTACCCGACGCGATCCTCACCGAGACCGGACTGAAGATCACGCCGCTGGATGCGGCGGTACCGGACACCGCCCAAGCGCTGATCGACAAGACCAGTCAGCTACTGCCACGCATCAAAATCACCGAGCTGCTGATGGACGTGGACGAGTGGACGGGATTTACACGTCACTTTACCCACCTGAAGGATGGGGCCCTTGCCAAGGATAAAACTCTGCTACTGACGCGCCATGCGCTGGATATCGCTCCGGGCGAAAGCACCGCTGTCAAGTCCATGGGGCTGGCATCGATTGTCGGGATGATTCCACTGATTGCCAGCAACAAGGCAACCGGGCTGCTGTCGGAACAGGTACTGCGTATTTTCCGGAGCGCCGTCTTCAATCCAATCGAAGCCATCGCTCTGAACGCGTTGGCGCTTGGCGGGCGTGTCAACGTTCCCGGGCTATTTGATTCAGACAATGCCAAGCATGCACGCGTGGTACAAACCATCCTTGCGCGGGCCAGCCAGCACATGGAAGCTGGAGACCGTTACATTTCCGCAGAGGAGCTACATCAAATGCTGGCTCCCCGGAGCGAGTTCCTGCGCCATGTGGGATCTGCGATCGTCAACGGCATGAATGCCAGCTTTGAGGCAATTCCCGCCCTGGTTCGGAAGCTTGGATATGGTGAGGCTCCATTGGCCGAACGTATTCCGTATCAAGACCTGGCTGTGCCCGACACGCCGCGGCAGCCCGCACCCGGCGCATACCCTTACGATGTTCCTGATTACGCATGATTTCTCATCAGCCCGCCTAATGAGCGGGCTTTTTTTTGCGCGTAGCAGATGATGACAAGTCGCGGCCGC | M22: TTTCTCAT | N22: =LEN(L22) -> 2568 | O22: =LEN(K22) -> 2352 | P22: MPRRSILSASERDTLLALPDSQDDLIRYYTFNESDLSLIRQRRGDANRLGFAVQLCLLRYPGYALASDSVLPDPVIEWIARQVQAAPESWAKYGQRDVTRREHAQELRAYLGLLPFGLSDFRALVRELTGLAQQTDRGLLLAGQALESLRQQRRILPPLMVIDRACSEAVARSNRRIYRALIEPLNQQHRNKLDELLTVKAGSNSTWLTWLRQSPLKPNSRHMMEHIERLKIFQLVALPEGLDGSIHQNRLLKLAREGGQMTPRDLGKFENERRYATLVAVVLESTATVTDELVDLHDRILVKLFSSARNKHQQQFQKQGKAINDKVRLYSKIGQALLDAKASGEDPFAAIEAVMPWDEFAQSVTDAELLARPEAFDHLHLVGENFNTLRRYTPAFMEVLQLRAAPAAQRVLDAIQQLREMNVNNLRKVPSDAPTAFIKPRWKPLVITQEGIDRRFYEICALSELKNALRSGDIWVKGSRQFRDFEDYLLPPAKFAALKKEQALPLAINPNSDQYLEERLQLLDKQLATVAKLAKDNELPDAILTETGLKITPLDAAVPDTAQALIDKTSQLLPRIKITELLMDVDEWTGFTRHFTHLKDGALAKDKTLLLTRHALDIAPGESTAVKSMGLASIVGMIPLIASNKATGLLSEQVLRIFRSAVFNPIEAIALNALALGGRVNVPGLFDSDNAKHARVVQTILARASQHMEAGDRYISAEELHQMLAPRSEFLRHVGSAIVNGMNASFEAIPALVRKLGYGEAPLAERIPYQDLAVPDTPRQPAP* | Q22: =(O22-3)/3 -> 783 | R22: 87.71989 | S22: 1 | T22: 0 | U22: 1 | V22: 0
A23: 59 | B23: HopD1d | C23: HopD | D23: HopD1 | E23: 46 | F23: PgyICMP2185_HopD1d_1 | J23: GGAACCCAAGAGCCCTTGCGACCACACA | K23: ATGAATCCTCTACGATCTATTCAACACAACATTACAACTCCCCCAATCAGTGGCGGTCAGCCATTAGACGCGGTGGGCCCTCAGGCCCAGCAATCCCATCCTAAAAGGATTTCACCTTCTCAATTGAGCCAAAGCGCTCACCAGGCTCTAGAACGCCTTTCAGCTAATGCCGAACACCAACGCCTTGCATCACTGGTACGCAACGCTCTGCAGGATGGCACATTTCAATTTCAATCCAGTAACCACACGCAAGTAACCTATAAAGCGTCAATCTGTCTGCCAGCTGACACCGATACCGTGAGAACCGACCACTTGATTAATAACGAGCTGACGGTTCAGGCCCGATTAAATGATCAATCGGAGTACGACATCGTCAGCGCACATTTGCATGGCTCTTCGAAAGCCATATCCTTCGACGTACCCAGCCCCCCACCCGCACATGGTTCAGCATCTTCTGTCTTGAGTGAACGGACCCATCTAGGTATGAGTAGCGTTCTCTCACAAGATGCAGTGGATAGCAGTAGCCTGGAAACTCCGTTAGTGAGCTCGCCAGACCATTCTCGTCCGCCATCACAGCCAAAGCCCGTGCATATCGGGTCGGTCCGCAGGGACTCTGGTAGCCTTGTTTCCGATAACCCGGTAGTGCAGGCCCTGCTATCGTTTGTGCAGGCCGACCAGGCATTTCCACCACAGGCCGCGAGCATTGCCGGGGTCCAGCTGGAAATGCGGTCACGTCGGGATATTGAGCAAGCACTTGAGGAATTAAAAGGCGCCTTCACGGTGGAGAAGGCGCAACTGATGTCCGGGGGCAGCTCGTCGGAGCGGGTAGATGAGGACGTCAACGCAGACATCCATATACCCTTATTGCTCAAGGCTATCGAGCGGGGGGCTGGGGCATTTGGCCCAGGCGCGTTGATTGAGATCGCGGATGGCGGCCAGATAAGCGCGAAAGCATTTCTCGCCTCATGTGCTCCCACGATCACGTCCAATGACGATGTCCTCTCCGAGTTCATCAACCAGAAACTCAAGGGGGACGACGATCTTCAGGTTCGCCTGGGCGCACAGGAATTGTTGCATGTAGCCACCAAGAAGGAATTCCAGCTCGGCGGTCTAGCCGGCAGCATCGGGGTCAGCAGCATACTCGGCTCGGCATGGGAGCTTGGCGCTTCTGAGCTTTTGAAAAATGCCATCTTCGGCAAAAATTTCTCACCGAGCCAATATGCCCTGCAATTGGCTGGAATCGATTCAGTGCCTCCTTTTATTATCGAGGCCATGGACTCCTTTTGCGTACTTGTCATCATCAAAGGCATGAAAGGTGAGTTGTGGTCCATGAAAGATCTACTCCCCAAGGCGTTGAAGGCAGGCGCCATCTCCTCGGCGATGTCATTCCCCAATAATGTTTTGCAGTACGCAGGCTTCAAATCCAGAGTCGCCGATCTTGCGGCAAACTCGATAACAACTGAAGCGGCCATCTTTGGCGCCGCCTCCGGTATCCCACCCGAGGTCAAGGAAAGTGAAGAGCTGATGCGTGCTGGCTTATTCCAGAGCATGAAGGACGGCGTGATGGCTCATCCAGGCGAGGGGATGGATACCAAAGAGACGATTGAGCGGATGACGCGCCATGCGCTGGATATTGCTCCGGGTGAGAGCACCGCTGTCAAGTCCATGGGACTGGCAGCGATTGTCGGGATGATTCCACTGATTGCCAGCAGCAAGGCAACCGGGCTAGTGTCGGAACAGATACTGCGTATTTTCCGGAACGCCGTCTTCAATCCAATCGAAGCCATCGCTCTGAACGCGTTGGCGCTTGGCGGGCGTGTCAACGTTCCCGGGCTATTTGATTCCGACAATGCCAAGCATGCACGCGTGGCACAAACCATCCTTGCGCGGGCCAGCCAGCACATGGAAGCTGGAGACCGTGAAATTTCCGCAGAGGAGCTACATCAAATGCTGGCTCCCCGGAGCGAGTTCCTGCGCCATGTGGGATCTGCGATTGTCAACGGCATGAATGCCAGCTTTGAGGCAATTCCCGCCCTGGTTCGGAAGCTTGGATACGGTGAGGCTCCATTGGCCGAACGTATTCCGTATCAAGACCTGGCTGTGCCCGACACGTCGCGGCAGCCCGCACCCTGA | L23: GCGGCCGCAGTTACCTGGAGTAGTGTTGGCATTCGCCGGTTTTGAGTCTGTCTTTGGAACCCAAGAGCCCTTGCGACCACACATTGGATCTGATTAATTCATCCGGGACAGCTAATAGAGCTATGAATCCTCTACGATCTATTCAACACAACATTACAACTCCCCCAATCAGTGGCGGTCAGCCATTAGACGCGGTGGGCCCTCAGGCCCAGCAATCCCATCCTAAAAGGATTTCACCTTCTCAATTGAGCCAAAGCGCTCACCAGGCTCTAGAACGCCTTTCAGCTAATGCCGAACACCAACGCCTTGCATCACTGGTACGCAACGCTCTGCAGGATGGCACATTTCAATTTCAATCCAGTAACCACACGCAAGTAACCTATAAAGCGTCAATCTGTCTGCCAGCTGACACCGATACCGTGAGAACCGACCACTTGATTAATAACGAGCTGACGGTTCAGGCCCGATTAAATGATCAATCGGAGTACGACATCGTCAGCGCACATTTGCATGGCTCTTCGAAAGCCATATCCTTCGACGTACCCAGCCCCCCACCCGCACATGGTTCAGCATCTTCTGTCTTGAGTGAACGGACCCATCTAGGTATGAGTAGCGTTCTCTCACAAGATGCAGTGGATAGCAGTAGCCTGGAAACTCCGTTAGTGAGCTCGCCAGACCATTCTCGTCCGCCATCACAGCCAAAGCCCGTGCATATCGGGTCGGTCCGCAGGGACTCTGGTAGCCTTGTTTCCGATAACCCGGTAGTGCAGGCCCTGCTATCGTTTGTGCAGGCCGACCAGGCATTTCCACCACAGGCCGCGAGCATTGCCGGGGTCCAGCTGGAAATGCGGTCACGTCGGGATATTGAGCAAGCACTTGAGGAATTAAAAGGCGCCTTCACGGTGGAGAAGGCGCAACTGATGTCCGGGGGCAGCTCGTCGGAGCGGGTAGATGAGGACGTCAACGCAGACATCCATATACCCTTATTGCTCAAGGCTATCGAGCGGGGGGCTGGGGCATTTGGCCCAGGCGCGTTGATTGAGATCGCGGATGGCGGCCAGATAAGCGCGAAAGCATTTCTCGCCTCATGTGCTCCCACGATCACGTCCAATGACGATGTCCTCTCCGAGTTCATCAACCAGAAACTCAAGGGGGACGACGATCTTCAGGTTCGCCTGGGCGCACAGGAATTGTTGCATGTAGCCACCAAGAAGGAATTCCAGCTCGGCGGTCTAGCCGGCAGCATCGGGGTCAGCAGCATACTCGGCTCGGCATGGGAGCTTGGCGCTTCTGAGCTTTTGAAAAATGCCATCTTCGGCAAAAATTTCTCACCGAGCCAATATGCCCTGCAATTGGCTGGAATCGATTCAGTGCCTCCTTTTATTATCGAGGCCATGGACTCCTTTTGCGTACTTGTCATCATCAAAGGCATGAAAGGTGAGTTGTGGTCCATGAAAGATCTACTCCCCAAGGCGTTGAAGGCAGGCGCCATCTCCTCGGCGATGTCATTCCCCAATAATGTTTTGCAGTACGCAGGCTTCAAATCCAGAGTCGCCGATCTTGCGGCAAACTCGATAACAACTGAAGCGGCCATCTTTGGCGCCGCCTCCGGTATCCCACCCGAGGTCAAGGAAAGTGAAGAGCTGATGCGTGCTGGCTTATTCCAGAGCATGAAGGACGGCGTGATGGCTCATCCAGGCGAGGGGATGGATACCAAAGAGACGATTGAGCGGATGACGCGCCATGCGCTGGATATTGCTCCGGGTGAGAGCACCGCTGTCAAGTCCATGGGACTGGCAGCGATTGTCGGGATGATTCCACTGATTGCCAGCAGCAAGGCAACCGGGCTAGTGTCGGAACAGATACTGCGTATTTTCCGGAACGCCGTCTTCAATCCAATCGAAGCCATCGCTCTGAACGCGTTGGCGCTTGGCGGGCGTGTCAACGTTCCCGGGCTATTTGATTCCGACAATGCCAAGCATGCACGCGTGGCACAAACCATCCTTGCGCGGGCCAGCCAGCACATGGAAGCTGGAGACCGTGAAATTTCCGCAGAGGAGCTACATCAAATGCTGGCTCCCCGGAGCGAGTTCCTGCGCCATGTGGGATCTGCGATTGTCAACGGCATGAATGCCAGCTTTGAGGCAATTCCCGCCCTGGTTCGGAAGCTTGGATACGGTGAGGCTCCATTGGCCGAACGTATTCCGTATCAAGACCTGGCTGTGCCCGACACGTCGCGGCAGCCCGCACCCGGCGCATACCCTTACGATGTTCCTGATTACGCATGAACGTGAACCAGCCCGCCTAATGAGCGGGCTTTTTTTTGCGCGTAGCAGATGATGACAAGTCGCGGCCGC | M23: ACGTGAAC | N23: =LEN(L23) -> 2357 | O23: =LEN(K23) -> 2133 | P23: MNPLRSIQHNITTPPISGGQPLDAVGPQAQQSHPKRISPSQLSQSAHQALERLSANAEHQRLASLVRNALQDGTFQFQSSNHTQVTYKASICLPADTDTVRTDHLINNELTVQARLNDQSEYDIVSAHLHGSSKAISFDVPSPPPAHGSASSVLSERTHLGMSSVLSQDAVDSSSLETPLVSSPDHSRPPSQPKPVHIGSVRRDSGSLVSDNPVVQALLSFVQADQAFPPQAASIAGVQLEMRSRRDIEQALEELKGAFTVEKAQLMSGGSSSERVDEDVNADIHIPLLLKAIERGAGAFGPGALIEIADGGQISAKAFLASCAPTITSNDDVLSEFINQKLKGDDDLQVRLGAQELLHVATKKEFQLGGLAGSIGVSSILGSAWELGASELLKNAIFGKNFSPSQYALQLAGIDSVPPFIIEAMDSFCVLVIIKGMKGELWSMKDLLPKALKAGAISSAMSFPNNVLQYAGFKSRVADLAANSITTEAAIFGAASGIPPEVKESEELMRAGLFQSMKDGVMAHPGEGMDTKETIERMTRHALDIAPGESTAVKSMGLAAIVGMIPLIASSKATGLVSEQILRIFRNAVFNPIEAIALNALALGGRVNVPGLFDSDNAKHARVAQTILARASQHMEAGDREISAEELHQMLAPRSEFLRHVGSAIVNGMNASFEAIPALVRKLGYGEAPLAERIPYQDLAVPDTSRQPAP* | Q23: =(O23-3)/3 -> 710 | R23: 75.4055 | S23: 1 | T23: 1 | U23: 1 | V23: 0 | W23: N/A
A24: 60 | B24: HopD1a | C24: HopD | D24: HopD1 | E24: 166 | F24: PcbICMP2821_HopD1a_1 | J24: GGAACCCAAGAGCCCTTGCGACCACACA | K24: ATGAATCCTCTACAATCTATTCAACACAACATTACAACTCCCCCAATCAGTGGCGGTCAGCCATTAGACGCGGTGGGCCCTCAGGCCCAGCAATCCCATCCTGAAAGTATTTCACTTTCTCAATTGAGCGACAGCGCTCACCAAGCTCTCAACGCTCTAGCAAGCTCCTCAGCTAGTGCCGAACACCAAAGCATTGCATCATTGGTACTCAACGCTCTGCTGGATGGCACACTTCAATTTCAATCCAGTAACGACATGCAAGTAACCTATCAAGCGCCAATCTGTCTGCCAGATGATACCGATACCGTAAGAGCCGACCACTTGATTAATAACGAGCTGACGGTTCAGGCCCGATTAAATGATCAGTCGGAGTACGACATCGTCAGCGCACATTTGCATGGCTCTTCGAAAGCCATATCCTTCGACGTACCCAGCCCCCCGCCCGCACATGGTTCAGCATCTTCTGTCTTGAGTGAACGGACCCATCTAGGTATGAGTCGCGTTCTCTCACAAGATGCAGTAGACAGCAGTAGCCTGGAAACTCCGTTACTGAGCTCGCCAGACCATTCTCGTCCGCCATCACAGCCAAAGCCCGTGCATATCGGGTCGGTCCGCAGGGACTCTGGTAGCCTTGTTTCCGATAACCCGGTAGTGCAGGCCCTGCTATCGTTTGCGCAGGCCGACCAGGCATTTCCACCACAGGCCGCGAGCATTGCCGGGGTCCAGCTGGAAATGCGGCCACGTCGGGATATTGAGAAAGCACTTGAGGAATTCAAAGGCGCCTTCACTGTGGAGAAGGCGCAACTGATGTCCGGTGCCAACTCGTCGGAGCGTGTAGATGAGGATGTCAACGCAGACATCCATATCCCCTTATTGCTCAAGGCCATCGAGCGGGGGGCTGCGGCATTTGGTCCAAACGCATCAATCGGCCAGAATAGCGCGAAAGCGTTTCTCGCCTCATGTGCTCCCAAGATCACGTCCAATGACGATGTCCTCTCCGAGTTCATCAACCAGAAACTCAAGGGGGACGACGATCTTCAGGTTCGCCTGGGCGCACAGGAATTGTTGCATGTAGCCACCAAGAAGGAATTCCAGCTCGGCGGTCTAGCCGGCAGCATCGGGGTCAGCAGCATACTCGGCTCGGCATGGGAGCTTGGCGCTTCTGAGCTGTTGAAAAATGCCATCTTCGGCAAAAATTTCTCACCGAGCCAATATGCCCTGCAATTGGCTGGAATCGATTCAGTGCCTCCTTTGATTATCGAGTCCATGGACACCATGTGCGTACTTGCCATCATCAAGGGCATGAAAGGTGAGGAGTGGTCCATGAGCGATCTACTTCCCAAGGCGTTGAAGGCCGGTGCCATTTCCTCGGTGGTGTCATTCCCCAATAATGTTTTGCAGTATGCAGGTTTCAAATCCAGAGTCGGCGATCTTGCGGCAAACTCAGTGACAACTGAAGGGGCCATCTTTGGCGCCGCCTCCGGTATTCCACCCGAGGTCAAGGAAAGTGAAGAGCTGATGCGTGCTGGCTTATTCCAGAGCATGAAGGACGGCGTGATGGCTCATCCAGGCGAGGGGGTGGACACCAAAAAGACGATTGAGCGGATGACGCGCCATGCGCTGGATATCGCTCCGGGCGAAAGCACCGCTGTCAAGTCCATGGGGCTGGCATCGATTGTCGGGATGATTCCACTGATTGCCAGCAACAAGGCAACCGGGCTGCTGTCGGAACAGGTACTGCGTATTTTCCGGAGCGCCGTCTTCAATCCAATCGAAGCCATCGCTCTGAACGCGTTGGCGCTTGGCGGGCGTGTCAACGTTCCCGGGCTATTTGATTCCGACAATGCCAAGCATGCACGCGTGGTACAAACCATCCTTGCGCGGGCCAGCCAGCACATGGAAGCTGGAGACCGTGACATTTCCGCAGAGGAGCTACATCAAATGCTGGCTCCCCGGAGCGAGTTCCTGCGCCATGTGGGATCTGCGATTGTCAACGGCATGAATGCCAGCTTTGAGGCAATTCCCGCCCTGGTTCGGAAGCTTGGATACGGTGAGGCTCCATTGGCCGAACGTATTCCGTATCAAGACCTGGCTGTGCCCGACACGTCGCGGCAGCCCGCACCCTGA | L24: GCGGCCGCAGTTACCTGGAGTAGTGTTGGCATTCGCCGATTTTGAGTCTGTCTTTGGAACCCAAGAGCCCTTGCGACCACACATTCGATCCGATTAATTCATCCGGGACAGCTGATAGCGCTATGAATCCTCTACAATCTATTCAACACAACATTACAACTCCCCCAATCAGTGGCGGTCAGCCATTAGACGCGGTGGGCCCTCAGGCCCAGCAATCCCATCCTGAAAGTATTTCACTTTCTCAATTGAGCGACAGCGCTCACCAAGCTCTCAACGCTCTAGCAAGCTCCTCAGCTAGTGCCGAACACCAAAGCATTGCATCATTGGTACTCAACGCTCTGCTGGATGGCACACTTCAATTTCAATCCAGTAACGACATGCAAGTAACCTATCAAGCGCCAATCTGTCTGCCAGATGATACCGATACCGTAAGAGCCGACCACTTGATTAATAACGAGCTGACGGTTCAGGCCCGATTAAATGATCAGTCGGAGTACGACATCGTCAGCGCACATTTGCATGGCTCTTCGAAAGCCATATCCTTCGACGTACCCAGCCCCCCGCCCGCACATGGTTCAGCATCTTCTGTCTTGAGTGAACGGACCCATCTAGGTATGAGTCGCGTTCTCTCACAAGATGCAGTAGACAGCAGTAGCCTGGAAACTCCGTTACTGAGCTCGCCAGACCATTCTCGTCCGCCATCACAGCCAAAGCCCGTGCATATCGGGTCGGTCCGCAGGGACTCTGGTAGCCTTGTTTCCGATAACCCGGTAGTGCAGGCCCTGCTATCGTTTGCGCAGGCCGACCAGGCATTTCCACCACAGGCCGCGAGCATTGCCGGGGTCCAGCTGGAAATGCGGCCACGTCGGGATATTGAGAAAGCACTTGAGGAATTCAAAGGCGCCTTCACTGTGGAGAAGGCGCAACTGATGTCCGGTGCCAACTCGTCGGAGCGTGTAGATGAGGATGTCAACGCAGACATCCATATCCCCTTATTGCTCAAGGCCATCGAGCGGGGGGCTGCGGCATTTGGTCCAAACGCATCAATCGGCCAGAATAGCGCGAAAGCGTTTCTCGCCTCATGTGCTCCCAAGATCACGTCCAATGACGATGTCCTCTCCGAGTTCATCAACCAGAAACTCAAGGGGGACGACGATCTTCAGGTTCGCCTGGGCGCACAGGAATTGTTGCATGTAGCCACCAAGAAGGAATTCCAGCTCGGCGGTCTAGCCGGCAGCATCGGGGTCAGCAGCATACTCGGCTCGGCATGGGAGCTTGGCGCTTCTGAGCTGTTGAAAAATGCCATCTTCGGCAAAAATTTCTCACCGAGCCAATATGCCCTGCAATTGGCTGGAATCGATTCAGTGCCTCCTTTGATTATCGAGTCCATGGACACCATGTGCGTACTTGCCATCATCAAGGGCATGAAAGGTGAGGAGTGGTCCATGAGCGATCTACTTCCCAAGGCGTTGAAGGCCGGTGCCATTTCCTCGGTGGTGTCATTCCCCAATAATGTTTTGCAGTATGCAGGTTTCAAATCCAGAGTCGGCGATCTTGCGGCAAACTCAGTGACAACTGAAGGGGCCATCTTTGGCGCCGCCTCCGGTATTCCACCCGAGGTCAAGGAAAGTGAAGAGCTGATGCGTGCTGGCTTATTCCAGAGCATGAAGGACGGCGTGATGGCTCATCCAGGCGAGGGGGTGGACACCAAAAAGACGATTGAGCGGATGACGCGCCATGCGCTGGATATCGCTCCGGGCGAAAGCACCGCTGTCAAGTCCATGGGGCTGGCATCGATTGTCGGGATGATTCCACTGATTGCCAGCAACAAGGCAACCGGGCTGCTGTCGGAACAGGTACTGCGTATTTTCCGGAGCGCCGTCTTCAATCCAATCGAAGCCATCGCTCTGAACGCGTTGGCGCTTGGCGGGCGTGTCAACGTTCCCGGGCTATTTGATTCCGACAATGCCAAGCATGCACGCGTGGTACAAACCATCCTTGCGCGGGCCAGCCAGCACATGGAAGCTGGAGACCGTGACATTTCCGCAGAGGAGCTACATCAAATGCTGGCTCCCCGGAGCGAGTTCCTGCGCCATGTGGGATCTGCGATTGTCAACGGCATGAATGCCAGCTTTGAGGCAATTCCCGCCCTGGTTCGGAAGCTTGGATACGGTGAGGCTCCATTGGCCGAACGTATTCCGTATCAAGACCTGGCTGTGCCCGACACGTCGCGGCAGCCCGCACCCGGCGCATACCCTTACGATGTTCCTGATTACGCATGAATATCCAGCAGCCCGCCTAATGAGCGGGCTTTTTTTTGCGCGTAGCAGATGATGACAAGTCGCGGCCGC | M24: ATATCCAG | N24: =LEN(L24) -> 2351 | O24: =LEN(K24) -> 2127 | P24: MNPLQSIQHNITTPPISGGQPLDAVGPQAQQSHPESISLSQLSDSAHQALNALASSSASAEHQSIASLVLNALLDGTLQFQSSNDMQVTYQAPICLPDDTDTVRADHLINNELTVQARLNDQSEYDIVSAHLHGSSKAISFDVPSPPPAHGSASSVLSERTHLGMSRVLSQDAVDSSSLETPLLSSPDHSRPPSQPKPVHIGSVRRDSGSLVSDNPVVQALLSFAQADQAFPPQAASIAGVQLEMRPRRDIEKALEEFKGAFTVEKAQLMSGANSSERVDEDVNADIHIPLLLKAIERGAAAFGPNASIGQNSAKAFLASCAPKITSNDDVLSEFINQKLKGDDDLQVRLGAQELLHVATKKEFQLGGLAGSIGVSSILGSAWELGASELLKNAIFGKNFSPSQYALQLAGIDSVPPLIIESMDTMCVLAIIKGMKGEEWSMSDLLPKALKAGAISSVVSFPNNVLQYAGFKSRVGDLAANSVTTEGAIFGAASGIPPEVKESEELMRAGLFQSMKDGVMAHPGEGVDTKKTIERMTRHALDIAPGESTAVKSMGLASIVGMIPLIASNKATGLLSEQVLRIFRSAVFNPIEAIALNALALGGRVNVPGLFDSDNAKHARVVQTILARASQHMEAGDRDISAEELHQMLAPRSEFLRHVGSAIVNGMNASFEAIPALVRKLGYGEAPLAERIPYQDLAVPDTSRQPAP* | Q24: =(O24-3)/3 -> 708 | R24: 74.90677 | S24: 1 | T24: 0 | U24: 1 | V24: 0
A25: 62 | B25: HopD1e | C25: HopD | D25: HopD1 | E25: 29 | F25: PpoICMP16805_HopD1e_1 | J25: GGAACCCCACAAGCACTTATGACCACGCA | K25: ATGAATCCCCTGCAACCTATTCAGCACAGCATTACAAATTCCCAAATGAGTGGTGGTCAGCAATTAGAGGCGGAGGGCTCTCAGGCCCACAATTCCTATTCCCATCCTGACAGGATTTCGCTTTCCCAATTGAGCCAAAGCGCTCACCTAGCTCTAGATCACCTTTCAACTCAGCCTAATACCGATCACCAACGCGTTGCATCACTGGTACGCAACGCTGTGCAGGACGGTAAGTTCCAACTTCAATCCAGTAACGACACGCAAGTAACCTATAAAACTTCAGTCTGTCCGCCAGCTAACGCCGACACCATGGGGGCCGCCCACTTAATTAATAACGAGCTGACGGTTCAGGCCCGATTAAATGATCAACTTGAGTACGACATCGTCAGCGCTCATTTGTATGGCCCTTCGGAAGCCATATCCATCGATGCATCCAGTCCTCCCTCGGCCAACGATCTAGCGTCCTCTGGCTTGAGCGAACGTACGCATCTAGGTATGAATCGTGTCCTCTTACGCTACGCGGTGCCCCCTCGGGAAACCGAAGACCAATGTGTTATGGTGATCGACAAAATGCCTCCCCCCAAACACGGAAAAATGTCTTTCTTCCGTACCACTAATGACTTGAGCAAACTGCCTTTGGGAATGGAGACGGGCGGGTTGTCCGACCTGAAATTGGCTGGTTGTGAACGTATTTCTTCCGTCGAGCAGGTGAAGAGTATCCGCGCAGCGCTTGGAGGCGGGCCGCTCACCGTACTAGATCTGCGCGAAGAATCTCATGCGATTGTCAACGGTTTGCCTATCACCTTACGTGGCCCGATGGATTGGGCCAACGCCGGCCTATCCCAGGTTGACGGAGCTGCACGTGAAAGTGCCATGATTACAGAACTGAAGCGCACTAAGTCTTTAACGTTGGTCGATGCCAATTATGTAAAAGGTAAAAAAAGTAATCCTCAAACGACAGAACTGAAAAATTTGAATGTCCGGAGCGAGCGAGAAGTCGTTACAGAGGCCGGCGCGACCTATCGCCGCGTGGCCATTACCGACCATAACAGGCCTAGTCCGGAAGCGACCGACGAGCTAGTAGACATCATGCGCCACTGCCTGCAGGCAAATGAGTCGCTAGTTGTGCACTGTAACGGCGGTCGGGGCCGTACTACCACGGCTATGATAATGGTCGACATGCTTAAGAACGCTCGTAACCATTCCGCAGAAACCCTCATCACGCGTATGGCCAAGCTAAGCTATGACTACAACATGACGGATCTAGGCAGCATTTCTGCACTCAAGCGGCCATTCCTAGAGGACAGACTAAAATTTCTGCAGGCCTTTCACGACTATGCCCGCAACAACCCAAGCGGATTATCTCTTAATTGGACACAGTGGCGCGCAAAAATAGCGTTAGAATGA | L25: GCGGCCGCAGTTACCTGGAGTAGTGTTGGCCTGTTGTCGTCTTGAATCTGTCTTCGGAACCCCACAAGCACTTATGACCACGCATTAGAGTCCAATGCCTTTCGTCAGCCAATTACTCAACTGAGATAGTTCATACAGCTATGAATCCCCTGCAACCTATTCAGCACAGCATTACAAATTCCCAAATGAGTGGTGGTCAGCAATTAGAGGCGGAGGGCTCTCAGGCCCACAATTCCTATTCCCATCCTGACAGGATTTCGCTTTCCCAATTGAGCCAAAGCGCTCACCTAGCTCTAGATCACCTTTCAACTCAGCCTAATACCGATCACCAACGCGTTGCATCACTGGTACGCAACGCTGTGCAGGACGGTAAGTTCCAACTTCAATCCAGTAACGACACGCAAGTAACCTATAAAACTTCAGTCTGTCCGCCAGCTAACGCCGACACCATGGGGGCCGCCCACTTAATTAATAACGAGCTGACGGTTCAGGCCCGATTAAATGATCAACTTGAGTACGACATCGTCAGCGCTCATTTGTATGGCCCTTCGGAAGCCATATCCATCGATGCATCCAGTCCTCCCTCGGCCAACGATCTAGCGTCCTCTGGCTTGAGCGAACGTACGCATCTAGGTATGAATCGTGTCCTCTTACGCTACGCGGTGCCCCCTCGGGAAACCGAAGACCAATGTGTTATGGTGATCGACAAAATGCCTCCCCCCAAACACGGAAAAATGTCTTTCTTCCGTACCACTAATGACTTGAGCAAACTGCCTTTGGGAATGGAGACGGGCGGGTTGTCCGACCTGAAATTGGCTGGTTGTGAACGTATTTCTTCCGTCGAGCAGGTGAAGAGTATCCGCGCAGCGCTTGGAGGCGGGCCGCTCACCGTACTAGATCTGCGCGAAGAATCTCATGCGATTGTCAACGGTTTGCCTATCACCTTACGTGGCCCGATGGATTGGGCCAACGCCGGCCTATCCCAGGTTGACGGAGCTGCACGTGAAAGTGCCATGATTACAGAACTGAAGCGCACTAAGTCTTTAACGTTGGTCGATGCCAATTATGTAAAAGGTAAAAAAAGTAATCCTCAAACGACAGAACTGAAAAATTTGAATGTCCGGAGCGAGCGAGAAGTCGTTACAGAGGCCGGCGCGACCTATCGCCGCGTGGCCATTACCGACCATAACAGGCCTAGTCCGGAAGCGACCGACGAGCTAGTAGACATCATGCGCCACTGCCTGCAGGCAAATGAGTCGCTAGTTGTGCACTGTAACGGCGGTCGGGGCCGTACTACCACGGCTATGATAATGGTCGACATGCTTAAGAACGCTCGTAACCATTCCGCAGAAACCCTCATCACGCGTATGGCCAAGCTAAGCTATGACTACAACATGACGGATCTAGGCAGCATTTCTGCACTCAAGCGGCCATTCCTAGAGGACAGACTAAAATTTCTGCAGGCCTTTCACGACTATGCCCGCAACAACCCAAGCGGATTATCTCTTAATTGGACACAGTGGCGCGCAAAAATAGCGTTAGAAGGCGCATACCCTTACGATGTTCCTGATTACGCATGAGCATTACGCAGCCCGCCTAATGAGCGGGCTTTTTTTTGCGCGTAGCAGATGATGACAAGTCGCGGCCGC | M25: GCATTACG | N25: =LEN(L25) -> 1649 | O25: =LEN(K25) -> 1407 | P25: MNPLQPIQHSITNSQMSGGQQLEAEGSQAHNSYSHPDRISLSQLSQSAHLALDHLSTQPNTDHQRVASLVRNAVQDGKFQLQSSNDTQVTYKTSVCPPANADTMGAAHLINNELTVQARLNDQLEYDIVSAHLYGPSEAISIDASSPPSANDLASSGLSERTHLGMNRVLLRYAVPPRETEDQCVMVIDKMPPPKHGKMSFFRTTNDLSKLPLGMETGGLSDLKLAGCERISSVEQVKSIRAALGGGPLTVLDLREESHAIVNGLPITLRGPMDWANAGLSQVDGAARESAMITELKRTKSLTLVDANYVKGKKSNPQTTELKNLNVRSEREVVTEAGATYRRVAITDHNRPSPEATDELVDIMRHCLQANESLVVHCNGGRGRTTTAMIMVDMLKNARNHSAETLITRMAKLSYDYNMTDLGSISALKRPFLEDRLKFLQAFHDYARNNPSGLSLNWTQWRAKIALE* | Q25: =(O25-3)/3 -> 468 | R25: 51.37998 | S25: 1 | T25: 0 | U25: 1 | V25: 0
A26: 63 | B26: HopD1c | C26: HopD | D26: HopD1 | E26: 56 | F26: PpeICMP3706_HopD1c_1 | J26: GGAACCCCACAAGCATTTAAGACCACGTA | K26: ATGTATCCCCTGAAATCTATTCAAAACAGCATTACAACTCCCCTAATGAGTGGCAGTAAGCCATTAGAGGCGGAGGGCTCTCAGTCACAGCATTCCCATCCTGACAGGATTTTACCTTCCCTATTGAGCCAAAGTGCTCAGCTAGCTCTAGATCGCCTATCAGCTCAGCCTAATGCTGATTACCAACGCGTTGCATCACTGGTACGCAACGCTCTGCAGGACGGTAAATTCCAACTTCAACCCAGTAACGACACGCAAGTTATCTATAAAACGTCAGTCTCTTCGCCAGCTATCGCCGCCACCATAGGGGCCGCCCACTTAATTGATAGCGAGCTGACGGTTCAGGCCCGCCTAAATGATCAATTTGAGTACGACATCGTAAGCGCCCATTTGCGTGGCCCTTCGCAAGACATATCCATCGATGCATTCAGCCCTCCCCCGGCGAATGATCTAGCGTCCTCTGGCTTGAGCGAACGTACGCATCTAGGTATGAATCGGGCCTTATTACGCTACGCGGTGCCCCCGAGGGAAACCGAAGACCAATGTGTTATGGTTATCGACAAAGTGCCGCCACCCAAACACGGACAAATGTCTTTCTTCCGTGCCACTAATGACTTGAGCAAACTGCCTTCGGGAATGGAGACGGACGGATTGTCCGATCTGAAATTGGCTGGTTGTGAACGCATTTCCTCCGTCGAGCAGGTGAAGAATATTCGCGCCGCCCTTGGGGGCGGGCCTCTAACCGTATTAGATCTGCGCGAAGAATCTCATGCGATTGTCAACGGTTTGCCTGTCACCTTACGTGGCCCGATGGATTGGGCCAACGCTGGTTTACCCCAAGTTGACGGAGCTGCACGTGAAAGTGCCATGATTACAGAACTGAAGCGAGCCAAGTCTGTAACGTTGGTCGATGCCAATTATGTGAAAGGTAAAAAAAGTAATCCTCAGACGACAGAACTGAAAGATTTGAATGTTCAGAGCGAACGAGAAGTCGTTACAGCGGCCGGCGCGACTTACCGCCGCGTGGCCATTACCGACCATAATAGGCCGAGCCCGGAAGCGACTGACGAGCTAGTAAACATCATGCGCCACTGCCTTCAGGCAAATGAGTCGGTAGTTGTGCACTGTAACGGCGGTCGCGGTCGTACCACCACGGCCATGACAATGGTCGACATGCTTAAGAACGCTCGTAACCATTCAGCAGAAACTCTCATCAGGCGTATGGCCAAGCTCAGCTATGACTACAACATGACGGATCTAGGCAGCATTTCTGCACTCAAGCGGCCATTCCTGGAAGACAGACTAAAATTTCTGCATGCCTTTCATGACTATGCCCGCAACAACCCAAGCGGATTACCTCTTAACTGGACACAGTGGCGCGCAAAAATAGCGTCAGAATAA | L26: GCGGCCGCAGTTACCTGGAGTAGTGTTGGCGGGAAACCTGTCGTTCTGATTCTTCGGAACCCCACAAGCATTTAAGACCACGTATTACGATCCAATTCCTTAACTCAGCCATCAACTCATCCGAGGTAGCTCAAACAGCTATGTATCCCCTGAAATCTATTCAAAACAGCATTACAACTCCCCTAATGAGTGGCAGTAAGCCATTAGAGGCGGAGGGCTCTCAGTCACAGCATTCCCATCCTGACAGGATTTTACCTTCCCTATTGAGCCAAAGTGCTCAGCTAGCTCTAGATCGCCTATCAGCTCAGCCTAATGCTGATTACCAACGCGTTGCATCACTGGTACGCAACGCTCTGCAGGACGGTAAATTCCAACTTCAACCCAGTAACGACACGCAAGTTATCTATAAAACGTCAGTCTCTTCGCCAGCTATCGCCGCCACCATAGGGGCCGCCCACTTAATTGATAGCGAGCTGACGGTTCAGGCCCGCCTAAATGATCAATTTGAGTACGACATCGTAAGCGCCCATTTGCGTGGCCCTTCGCAAGACATATCCATCGATGCATTCAGCCCTCCCCCGGCGAATGATCTAGCGTCCTCTGGCTTGAGCGAACGTACGCATCTAGGTATGAATCGGGCCTTATTACGCTACGCGGTGCCCCCGAGGGAAACCGAAGACCAATGTGTTATGGTTATCGACAAAGTGCCGCCACCCAAACACGGACAAATGTCTTTCTTCCGTGCCACTAATGACTTGAGCAAACTGCCTTCGGGAATGGAGACGGACGGATTGTCCGATCTGAAATTGGCTGGTTGTGAACGCATTTCCTCCGTCGAGCAGGTGAAGAATATTCGCGCCGCCCTTGGGGGCGGGCCTCTAACCGTATTAGATCTGCGCGAAGAATCTCATGCGATTGTCAACGGTTTGCCTGTCACCTTACGTGGCCCGATGGATTGGGCCAACGCTGGTTTACCCCAAGTTGACGGAGCTGCACGTGAAAGTGCCATGATTACAGAACTGAAGCGAGCCAAGTCTGTAACGTTGGTCGATGCCAATTATGTGAAAGGTAAAAAAAGTAATCCTCAGACGACAGAACTGAAAGATTTGAATGTTCAGAGCGAACGAGAAGTCGTTACAGCGGCCGGCGCGACTTACCGCCGCGTGGCCATTACCGACCATAATAGGCCGAGCCCGGAAGCGACTGACGAGCTAGTAAACATCATGCGCCACTGCCTTCAGGCAAATGAGTCGGTAGTTGTGCACTGTAACGGCGGTCGCGGTCGTACCACCACGGCCATGACAATGGTCGACATGCTTAAGAACGCTCGTAACCATTCAGCAGAAACTCTCATCAGGCGTATGGCCAAGCTCAGCTATGACTACAACATGACGGATCTAGGCAGCATTTCTGCACTCAAGCGGCCATTCCTGGAAGACAGACTAAAATTTCTGCATGCCTTTCATGACTATGCCCGCAACAACCCAAGCGGATTACCTCTTAACTGGACACAGTGGCGCGCAAAAATAGCGTCAGAAGGCGCATACCCTTACGATGTTCCTGATTACGCATAAACGCGGCCCAGCCCGCCTAATGAGCGGGCTTTTTTTTGCGCGTAGCAGATGATGACAAGTCGCGGCCGC | M26: ACGCGGCC | N26: =LEN(L26) -> 1643 | O26: =LEN(K26) -> 1401 | P26: MYPLKSIQNSITTPLMSGSKPLEAEGSQSQHSHPDRILPSLLSQSAQLALDRLSAQPNADYQRVASLVRNALQDGKFQLQPSNDTQVIYKTSVSSPAIAATIGAAHLIDSELTVQARLNDQFEYDIVSAHLRGPSQDISIDAFSPPPANDLASSGLSERTHLGMNRALLRYAVPPRETEDQCVMVIDKVPPPKHGQMSFFRATNDLSKLPSGMETDGLSDLKLAGCERISSVEQVKNIRAALGGGPLTVLDLREESHAIVNGLPVTLRGPMDWANAGLPQVDGAARESAMITELKRAKSVTLVDANYVKGKKSNPQTTELKDLNVQSEREVVTAAGATYRRVAITDHNRPSPEATDELVNIMRHCLQANESVVVHCNGGRGRTTTAMTMVDMLKNARNHSAETLIRRMAKLSYDYNMTDLGSISALKRPFLEDRLKFLHAFHDYARNNPSGLPLNWTQWRAKIASE* | Q26: =(O26-3)/3 -> 466 | R26: 51.04581 | S26: 1 | T26: 0 | U26: 1 | V26: 0
A27: 64 | B27: HopD2b | C27: HopD | D27: HopD2 | E27: 25 | F27: PgyICMP4966_HopD2b_1 | J27: GAAACGTCCACCGCCGAGCTGCTGACAAA | K27: ATGCAGAATCATGTCATTATTTCCAGAGGCGCCACACCTTTGTCGAGAGGAGTTACAGCCAGCGATGTCAAGCCTGCTTATGCGCAATTGACACCCGAAGCTTATCGACACGCAATAACGAAATTCAAACAAGCACTGACCACCCCGGAGCGGCCAACCGGCGAACCCGTTTTCATCTACGACCGCACACCAGGCGAATTGGAAAATTTTCGTTCTTCGGACAGTTTTATCCTCCCTCATGACCTCAATCAGAAAGGCTGGGACACGCTGCACATTTCCGGCAGTGCCAGTATCGCCAGTTTGGAGCAAGTGCAACGTTTGCATCCCACCCCCGAAAGACCAGTCGTGGTATTGGACGTACGAGAGGAATCTCACGCGATCGTTGGTGGTTATCCATGTACTTGGCGACTGGGCAACAACTGGGCGAATGTGGGTAAAAGTCGCAATGACGTGATCGCCGATGAGCAATCTCGCATCGCTGCGCTCAAGCAGCAGCCAACAGTCGAGATCATTCACCGCAAGGATGCCAAACACGGGCTGGAGAATCCTCGTAAGGTCGTGCTGAACAACCCGGATATCTCAAGTGAAGAAGACTTAGTGAAGTCCACGGGTGCGGAGTACCTTCGTTTGATGGTGACCGACCACATGGGACCGCGTTCCGAAGACATTGACCTTTTCGTAGCCATGGAGCGCGCGCTACCCGAGCAGGGTCGGGTACATATCCATTGTGGAGTCGGGCAAGGCCGCACAGGTATCTTCATCGCAATGCACGACATGCTCAAGAACGCTCACCACGTATCATTTCATGACCTGATAGAACGCCAACTCGTTTTCAATCCGGGGCGCGCTCTGGATTTCAACAAGGATGTCACCCACGAAGGCAGAGCCAACCTGCGCAATGACCGCTTGGAATTCATCTCGCTTTTTTACGAATACGCCAAGCAAAATCCCAAAGGAGCGCCGCGATCATGGTCAGAATGGCTCGCTGACCCGAACACCCCATCTCAACAACGCTAA | L27: GCGGCCGCAGTTACCTGGAGTAGTGTTGGCAACGTGTTCATGCTGCGCGTCCGCGAAACGTCCACCGCCGAGCTGCTGACAAACCAGTTGCCTAAGGTTCAGGTTTTCACATCCACCCCGGCCAGCTCGGCGAAATGCAGAATCATGTCATTATTTCCAGAGGCGCCACACCTTTGTCGAGAGGAGTTACAGCCAGCGATGTCAAGCCTGCTTATGCGCAATTGACACCCGAAGCTTATCGACACGCAATAACGAAATTCAAACAAGCACTGACCACCCCGGAGCGGCCAACCGGCGAACCCGTTTTCATCTACGACCGCACACCAGGCGAATTGGAAAATTTTCGTTCTTCGGACAGTTTTATCCTCCCTCATGACCTCAATCAGAAAGGCTGGGACACGCTGCACATTTCCGGCAGTGCCAGTATCGCCAGTTTGGAGCAAGTGCAACGTTTGCATCCCACCCCCGAAAGACCAGTCGTGGTATTGGACGTACGAGAGGAATCTCACGCGATCGTTGGTGGTTATCCATGTACTTGGCGACTGGGCAACAACTGGGCGAATGTGGGTAAAAGTCGCAATGACGTGATCGCCGATGAGCAATCTCGCATCGCTGCGCTCAAGCAGCAGCCAACAGTCGAGATCATTCACCGCAAGGATGCCAAACACGGGCTGGAGAATCCTCGTAAGGTCGTGCTGAACAACCCGGATATCTCAAGTGAAGAAGACTTAGTGAAGTCCACGGGTGCGGAGTACCTTCGTTTGATGGTGACCGACCACATGGGACCGCGTTCCGAAGACATTGACCTTTTCGTAGCCATGGAGCGCGCGCTACCCGAGCAGGGTCGGGTACATATCCATTGTGGAGTCGGGCAAGGCCGCACAGGTATCTTCATCGCAATGCACGACATGCTCAAGAACGCTCACCACGTATCATTTCATGACCTGATAGAACGCCAACTCGTTTTCAATCCGGGGCGCGCTCTGGATTTCAACAAGGATGTCACCCACGAAGGCAGAGCCAACCTGCGCAATGACCGCTTGGAATTCATCTCGCTTTTTTACGAATACGCCAAGCAAAATCCCAAAGGAGCGCCGCGATCATGGTCAGAATGGCTCGCTGACCCGAACACCCCATCTCAACAACGCGGCGCATACCCTTACGATGTTCCTGATTACGCATAACGAGTTTCCAGCCCGCCTAATGAGCGGGCTTTTTTTTGCGCGTAGCAGATGATGACAAGTCGCGGCCGC | M27: CGAGTTTC | N27: =LEN(L27) -> 1253 | O27: =LEN(K27) -> 1017 | P27: MQNHVIISRGATPLSRGVTASDVKPAYAQLTPEAYRHAITKFKQALTTPERPTGEPVFIYDRTPGELENFRSSDSFILPHDLNQKGWDTLHISGSASIASLEQVQRLHPTPERPVVVLDVREESHAIVGGYPCTWRLGNNWANVGKSRNDVIADEQSRIAALKQQPTVEIIHRKDAKHGLENPRKVVLNNPDISSEEDLVKSTGAEYLRLMVTDHMGPRSEDIDLFVAMERALPEQGRVHIHCGVGQGRTGIFIAMHDMLKNAHHVSFHDLIERQLVFNPGRALDFNKDVTHEGRANLRNDRLEFISLFYEYAKQNPKGAPRSWSEWLADPNTPSQQR* | Q27: =(O27-3)/3 -> 338 | R27: 38.11793 | S27: 1 | T27: 0 | U27: 0 | V27: 0
A28: 65 | B28: HopD2c | C28: HopD | D28: HopD2 | E28: 18 | F28: PfiICMP7849_HopD2c_1 | J28: GGAACCGTTGGAGCCTATGCGCCCACGAA | K28: ATGCAGAATCATGTCATTACTTCCCGAGGCGTCATACCTTTGTCGAAAGGGGGTTCAGCCAGCGATCTCGAGCCTGCCTATGCGCAGTTGACTCCCGAAGCCTATCGACACGCGGTTACGAAATTCAAACAAGCGCTGACTACACCGGAGCGGCCGACCGGTGAACCCGTGTTCCTCTATGACCGCACACCAGGCGAACTGGAAAATTTCCGTTCTTCGGACAGTTTTATTCTTCCTCCTCACCTCAATCAAAAAGGCTGGGACACGCTGCACATTTCCGGCAGTGCCAGTATCGCCAGTTTGGAGCAAGTGCAACGCTTGCATCCCACCCCCGAAAGCCCCGTCGTGGTATTGGATGTACGAGAAGAATCTCACGCGATCGTTGGGGGCTATCCATGTACTTGGCGACTGGGCAACAATTGGGCGAACGTGGGTAAAAGTCGCAATGCCGTCATCGCCGATGAGCAATCTCGCATCGCTGCGCTCAAGCAGCAGCCAACAGTCGAGATCATTCATCGCAAGGATGCCAAACACGGGCTGGAGAATCCTCGTAAGGTAGTGTTGAAGAACCCGGATATCTCCAGTGAAGAAGACTTGGTGAAGTCCACTGGTGCAGGGTACCTGCGTTTGATGGTGACCGACCACATGGGCCCGCGTTCGGAAGACATTGACCTATTCCTGGCCATGGAGCGCGCGTTACCCGAGCACGGTCGGGTACATATCCATTGCGGTGTCGGGCAAGGCCGCACAGGCATCTTCATCGCCATGCACGACATGCTCAAGAACGCTCACCACGTATCGTTTCATGACCTGATAGAACGCCAACTCGCGTTCAATCCAGGTCGCGCGCTGGATTTCAACAAGGATGTAACCCACGAAGGCCGCGCCAACCTGCGCAATGACCGCTTGGAATTCATTTCGCTGTTTTACGAATACGCCACAAAGGAGCGCCCCGCTCATGGTCAGAATGGCTCGCTGACCCGAACACCCCCTCTCAACAACGCTGACTGA | L28: GCGGCCGCAGTTACCTGGAGTAGTGTTGGCGTCACGGGGTTCTCACTGCCAGTTGGAACCGTTGGAGCCTATGCGCCCACGAAAGAGGTGCATTTGTTCATAGTATCCAATTCATGCAGAATCATGTCATTACTTCCCGAGGCGTCATACCTTTGTCGAAAGGGGGTTCAGCCAGCGATCTCGAGCCTGCCTATGCGCAGTTGACTCCCGAAGCCTATCGACACGCGGTTACGAAATTCAAACAAGCGCTGACTACACCGGAGCGGCCGACCGGTGAACCCGTGTTCCTCTATGACCGCACACCAGGCGAACTGGAAAATTTCCGTTCTTCGGACAGTTTTATTCTTCCTCCTCACCTCAATCAAAAAGGCTGGGACACGCTGCACATTTCCGGCAGTGCCAGTATCGCCAGTTTGGAGCAAGTGCAACGCTTGCATCCCACCCCCGAAAGCCCCGTCGTGGTATTGGATGTACGAGAAGAATCTCACGCGATCGTTGGGGGCTATCCATGTACTTGGCGACTGGGCAACAATTGGGCGAACGTGGGTAAAAGTCGCAATGCCGTCATCGCCGATGAGCAATCTCGCATCGCTGCGCTCAAGCAGCAGCCAACAGTCGAGATCATTCATCGCAAGGATGCCAAACACGGGCTGGAGAATCCTCGTAAGGTAGTGTTGAAGAACCCGGATATCTCCAGTGAAGAAGACTTGGTGAAGTCCACTGGTGCAGGGTACCTGCGTTTGATGGTGACCGACCACATGGGCCCGCGTTCGGAAGACATTGACCTATTCCTGGCCATGGAGCGCGCGTTACCCGAGCACGGTCGGGTACATATCCATTGCGGTGTCGGGCAAGGCCGCACAGGCATCTTCATCGCCATGCACGACATGCTCAAGAACGCTCACCACGTATCGTTTCATGACCTGATAGAACGCCAACTCGCGTTCAATCCAGGTCGCGCGCTGGATTTCAACAAGGATGTAACCCACGAAGGCCGCGCCAACCTGCGCAATGACCGCTTGGAATTCATTTCGCTGTTTTACGAATACGCCACAAAGGAGCGCCCCGCTCATGGTCAGAATGGCTCGCTGACCCGAACACCCCCTCTCAACAACGCTGACGGCGCATACCCTTACGATGTTCCTGATTACGCATGACTTAAACCCAGCCCGCCTAATGAGCGGGCTTTTTTTTGCGCGTAGCAGATGATGACAAGTCGCGGCCGC | M28: CTTAAACC | N28: =LEN(L28) -> 1226 | O28: =LEN(K28) -> 1011 | P28: MQNHVITSRGVIPLSKGGSASDLEPAYAQLTPEAYRHAVTKFKQALTTPERPTGEPVFLYDRTPGELENFRSSDSFILPPHLNQKGWDTLHISGSASIASLEQVQRLHPTPESPVVVLDVREESHAIVGGYPCTWRLGNNWANVGKSRNAVIADEQSRIAALKQQPTVEIIHRKDAKHGLENPRKVVLKNPDISSEEDLVKSTGAGYLRLMVTDHMGPRSEDIDLFLAMERALPEHGRVHIHCGVGQGRTGIFIAMHDMLKNAHHVSFHDLIERQLAFNPGRALDFNKDVTHEGRANLRNDRLEFISLFYEYATKERPAHGQNGSLTRTPPLNNAD* | Q28: =(O28-3)/3 -> 336 | R28: 37.46423 | S28: 1 | T28: 0 | U28: 1 | V28: 0
A29: 66 | B29: HopD2a | C29: HopD | D29: HopD2 | E29: 82 | F29: Pmo301020_HopD2a_1 | J29: GGAACCGTTGGAGCCTATGCGCCCACGAA | K29: ATGCAGAATCATGTCATTACTTCCCGAGGCGTCATACCTTTGTCGAAAGGGGGTTCAGCCAGCGATCTCGAGCCTGCCTATGCGCAGTTGACTCCCGAAGCCTATCGACACGCGGTTACGAAATTCAAACAAGCGCTGACTACACCGGAGCGGCCGACCGGTGAGCCCGTGTTCCTCTATGACCGCACACCAGGCGAACTGGAAAATTTCCGTTCTTCGGACAGTTTTATTCTTCCTCCTCACCTCAATCAAAAAGGCTGGGACACGCTGCACATTTCCGGCAGTGCCAGTATCGCCAGTTTGGAGCAAGTGCAACGCTTGCATCCCACCCCCGAAAGCCCCGTCGTGGTATTGGATGTACGAGAAGAATCTCACGCGATCGTTGGGGGCTATCCATGTACTTGGCGACTGGGCAACAATTGGGCGAACGTGGGTAAAAGTCGCAATGCCGTCATCGCCGATGAGCAATCTCGCATCGCTGCGCTCAAGCAGCAGCCAGCAGTCGAGATCATTCATCGCAAGGATGCCAAACACGGGCTGGAGAATCCTCGTAAGGTAGTGTTGAAGAACCCGGATATCTCCAGTGAAGAAGACTTGGTGAAGTCCACTGGTGCAGGGTACCTGCGTTTGATGGTGACCGACCACATGGGCCCGCGTTCGGAAGACATTGACCTATTCCTAGCCATGGAGCGCGCGTTACCCGAGCACGGTCGGGTACATATCCATTGCGGTGTCGGGCAAGGCCGCACAGGCATCTTCATCGCCATGCACGACATGCTCAAGAACGCTCACCACGTATCGTTCCATGACCTGATAGAACGCCAACTCGCGTTCAATCCAGGTCGCGCGCTGGATTTCAACAAGGATGTAACCCACGAAGGCCGCGCCAACCTGCGCAATGACCGCTTGGAATTCATTTCGCTGTTTTACGAATACGCCAAGCAAAACCCCAAAGGAGCGCCCCGCTCATGGTCAGAATGGCTCGCTGACCCGAACACCCCCTCTCAACAACGCTGA | L29: GCGGCCGCAGTTACCTGGAGTAGTGTTGGCCGTCATGGGGTTCTCACTGCCAGTTGGAACCGTTGGAGCCTATGCGCCCACGAAAGAGGTGCATTTGTTCATAGTATCCAATTCATGCAGAATCATGTCATTACTTCCCGAGGCGTCATACCTTTGTCGAAAGGGGGTTCAGCCAGCGATCTCGAGCCTGCCTATGCGCAGTTGACTCCCGAAGCCTATCGACACGCGGTTACGAAATTCAAACAAGCGCTGACTACACCGGAGCGGCCGACCGGTGAGCCCGTGTTCCTCTATGACCGCACACCAGGCGAACTGGAAAATTTCCGTTCTTCGGACAGTTTTATTCTTCCTCCTCACCTCAATCAAAAAGGCTGGGACACGCTGCACATTTCCGGCAGTGCCAGTATCGCCAGTTTGGAGCAAGTGCAACGCTTGCATCCCACCCCCGAAAGCCCCGTCGTGGTATTGGATGTACGAGAAGAATCTCACGCGATCGTTGGGGGCTATCCATGTACTTGGCGACTGGGCAACAATTGGGCGAACGTGGGTAAAAGTCGCAATGCCGTCATCGCCGATGAGCAATCTCGCATCGCTGCGCTCAAGCAGCAGCCAGCAGTCGAGATCATTCATCGCAAGGATGCCAAACACGGGCTGGAGAATCCTCGTAAGGTAGTGTTGAAGAACCCGGATATCTCCAGTGAAGAAGACTTGGTGAAGTCCACTGGTGCAGGGTACCTGCGTTTGATGGTGACCGACCACATGGGCCCGCGTTCGGAAGACATTGACCTATTCCTAGCCATGGAGCGCGCGTTACCCGAGCACGGTCGGGTACATATCCATTGCGGTGTCGGGCAAGGCCGCACAGGCATCTTCATCGCCATGCACGACATGCTCAAGAACGCTCACCACGTATCGTTCCATGACCTGATAGAACGCCAACTCGCGTTCAATCCAGGTCGCGCGCTGGATTTCAACAAGGATGTAACCCACGAAGGCCGCGCCAACCTGCGCAATGACCGCTTGGAATTCATTTCGCTGTTTTACGAATACGCCAAGCAAAACCCCAAAGGAGCGCCCCGCTCATGGTCAGAATGGCTCGCTGACCCGAACACCCCCTCTCAACAACGCGGCGCATACCCTTACGATGTTCCTGATTACGCATGACATGGTTTCAGCCCGCCTAATGAGCGGGCTTTTTTTTGCGCGTAGCAGATGATGACAAGTCGCGGCCGC | M29: CATGGTTT | N29: =LEN(L29) -> 1233 | O29: =LEN(K29) -> 1017 | P29: MQNHVITSRGVIPLSKGGSASDLEPAYAQLTPEAYRHAVTKFKQALTTPERPTGEPVFLYDRTPGELENFRSSDSFILPPHLNQKGWDTLHISGSASIASLEQVQRLHPTPESPVVVLDVREESHAIVGGYPCTWRLGNNWANVGKSRNAVIADEQSRIAALKQQPAVEIIHRKDAKHGLENPRKVVLKNPDISSEEDLVKSTGAGYLRLMVTDHMGPRSEDIDLFLAMERALPEHGRVHIHCGVGQGRTGIFIAMHDMLKNAHHVSFHDLIERQLAFNPGRALDFNKDVTHEGRANLRNDRLEFISLFYEYAKQNPKGAPRSWSEWLADPNTPSQQR* | Q29: =(O29-3)/3 -> 338 | R29: 37.83868 | S29: 1 | T29: 0 | U29: 1 | V29: 0
A30: 67 | B30: HopD2d | C30: HopD | D30: HopD2 | E30: 15 | F30: PheICMP4531_HopD2d_1 | J30: GGAACTGTTGGGATGGTATACACCACGGA | K30: ATGACTAGCCCTGTCATTACTCCTCGTGGCACTACTCCTTTGTCTAATGAGGCTTCAGCGAGTGAGACCAAATCAGCCTACGCACGCTTGACACCCGACGCCTATCGAAACTCGATCGCGAAATTCAAACAAGCGCTGACTACGCCGGAGCGGCCGACTGGTGAGCCCGTGTTCCTCTATGACCGCACACCAGGAGAATTGGAAAACTTCCGCTCTTCGGACAATTTCATCCTCCCTCAACATCTCAACCAGAACGGCTGGGACACGCTGCACATTTCCGGCAGTGCCAGTATTGCCAGTTTAGAGCAAGTGCAACGCTTGCATCCCACCCCCGAAAGACCCGTCGTGGTATTGGATGTACGAGAAGAATCTCACGCGATCGTTGGGGGCTATCCATGTACTTGGAGACTGGGCAACAACTGGGCGAACGTGGGTAAAAGTCGTAATGCCGTGATCGCTGATGAGCAATCTCGCATCGCTGCGCTCAAGCAACAGCCCACAGTCGAGATCATTCACCGCAAGGATGCCAAACACGGGCTGGAAAATCCTCGTAAGGTAGTGCTGAAGAAACCGGATATTTCCAGTGAAGAAGACTTAGTGAAGTCCACTGGCGCGGAGTACTTGCGTTTGATGGTGACCGACCACATGGGGCCGCGTTCGGAAGACGTGGACCTATTCGTAGCCATGGAGCGCGCGTTACCCGAGCACGGTCGGGTACATATCCATTGTGGCGTCGGCCAAGGCCGCACAGGTATCTTCATCGCCATGCATGACATGCTTAAGAATGCTCATCAGATATCGTTCCATGACCTGATAGAGCGCCAGCTTGCCTTCAATCCCGGTCGTGCGCTGGATTTCAATAAAGATGTCACCCACGAAGGGCGTGCCACTCTGCGCAATGACCGCTTGGAATTCATCTCACTCTTTTACGAATACGCTAAACAAAATCCCAAAGGAGCACCACATTCGTGGTCAGAATGGCTCGCCGACCCGACTACCCCCTCTCAACAACGCTGA | L30: GCGGCCGCAGTTACCTGGAGTAGTGTTGGCTGCTCACATGCACCCGCGCGCTTTTGGAACTGTTGGGATGGTATACACCACGGATGAGATCCATTCATCCAAGAGATCCAATCCATGACTAGCCCTGTCATTACTCCTCGTGGCACTACTCCTTTGTCTAATGAGGCTTCAGCGAGTGAGACCAAATCAGCCTACGCACGCTTGACACCCGACGCCTATCGAAACTCGATCGCGAAATTCAAACAAGCGCTGACTACGCCGGAGCGGCCGACTGGTGAGCCCGTGTTCCTCTATGACCGCACACCAGGAGAATTGGAAAACTTCCGCTCTTCGGACAATTTCATCCTCCCTCAACATCTCAACCAGAACGGCTGGGACACGCTGCACATTTCCGGCAGTGCCAGTATTGCCAGTTTAGAGCAAGTGCAACGCTTGCATCCCACCCCCGAAAGACCCGTCGTGGTATTGGATGTACGAGAAGAATCTCACGCGATCGTTGGGGGCTATCCATGTACTTGGAGACTGGGCAACAACTGGGCGAACGTGGGTAAAAGTCGTAATGCCGTGATCGCTGATGAGCAATCTCGCATCGCTGCGCTCAAGCAACAGCCCACAGTCGAGATCATTCACCGCAAGGATGCCAAACACGGGCTGGAAAATCCTCGTAAGGTAGTGCTGAAGAAACCGGATATTTCCAGTGAAGAAGACTTAGTGAAGTCCACTGGCGCGGAGTACTTGCGTTTGATGGTGACCGACCACATGGGGCCGCGTTCGGAAGACGTGGACCTATTCGTAGCCATGGAGCGCGCGTTACCCGAGCACGGTCGGGTACATATCCATTGTGGCGTCGGCCAAGGCCGCACAGGTATCTTCATCGCCATGCATGACATGCTTAAGAATGCTCATCAGATATCGTTCCATGACCTGATAGAGCGCCAGCTTGCCTTCAATCCCGGTCGTGCGCTGGATTTCAATAAAGATGTCACCCACGAAGGGCGTGCCACTCTGCGCAATGACCGCTTGGAATTCATCTCACTCTTTTACGAATACGCTAAACAAAATCCCAAAGGAGCACCACATTCGTGGTCAGAATGGCTCGCCGACCCGACTACCCCCTCTCAACAACGCGGCGCATACCCTTACGATGTTCCTGATTACGCATGAGCTGCGTTCAGCCCGCCTAATGAGCGGGCTTTTTTTTGCGCGTAGCAGATGATGACAAGTCGCGGCCGC | M30: GCTGCGTT | N30: =LEN(L30) -> 1233 | O30: =LEN(K30) -> 1017 | P30: MTSPVITPRGTTPLSNEASASETKSAYARLTPDAYRNSIAKFKQALTTPERPTGEPVFLYDRTPGELENFRSSDNFILPQHLNQNGWDTLHISGSASIASLEQVQRLHPTPERPVVVLDVREESHAIVGGYPCTWRLGNNWANVGKSRNAVIADEQSRIAALKQQPTVEIIHRKDAKHGLENPRKVVLKKPDISSEEDLVKSTGAEYLRLMVTDHMGPRSEDVDLFVAMERALPEHGRVHIHCGVGQGRTGIFIAMHDMLKNAHQISFHDLIERQLAFNPGRALDFNKDVTHEGRATLRNDRLEFISLFYEYAKQNPKGAPHSWSEWLADPTTPSQQR* | Q30: =(O30-3)/3 -> 338 | R30: 37.95972 | S30: 1 | T30: 0 | U30: 1 | V30: 0
A31: 68 | B31: HopB1a | C31: HopB | D31: HopB1 | E31: 48 | F31: Pla302278PT_HopB1a_1 | J31: GGAACCAACTCGCACCCTCAACCACACA | K31: ATGAGACCCGTCGGTGGCCCGGCTCCGGGTTATTACCCGCCAGCCTATGAAGCTGAGCGACCCACTGCGCAAACTGCAGGAAACGATCGCGCGCGATCTTCACAGGCCAGTTCCTCTCCAGCAGCCAGCGTTGCGACAGAGACTCCAATGCTGGGGGATCTGAAGCGCTTTCCAGCCGGGCGCTATCCGGATATGAAGGTAGAAAATATCCGGCTGAAAATCGAGGGGCAGGAGCTTGGCGGAAAGGAGGGCGTAAAGCACACCAGAAGGCGTAAGCCGGACGCAGCAGGCAGCAGTCATGTGCACGGCGGCCAGAGTGTGGCCTCGACCTTGGCTTCAGCTCAAAGCAAAGCATTGCAGGATACGAACTTCAAGGCGAGCGATCTTGCCGAGCTCGCACGCTGGTGTGAGAGCCCGCACCCCTATGCGCTGGCACCCTCAAAAGCCGCGGGAAAAAGCAGCCAACTGTCTGCAAATGTTGTGAGCATCCTGTTGCAAGAAGGCAAGCACGCCCTTGAACAGCGCCTTGAGGCTCAAGGTCTCAAGCTGGGCGACGTTGTTGTCTCGGAAGGTCGGGACCACCTTCATATAAATCTCAATTACCTTGAAATGGACAGTTGTCTGGGGACGTCCAAGGGTTTATGGGCACCTGACAGTAATGACAAGAAACTGATTGCCAAGGCAGCGCGTTATTTTGATGATTTCAACGCGCAAAAGTTACCTGAGCTGGCGCCGTTGACGAAGATGAAAAGCAAGGACAGTCTCGGTGTCATGCGCGAGCTGTTACGTGATGCGCCGGGGCTTGTTATTGGTGAGGGTCACAATTCAACGTCCAGCAAGCGTGAACTGATCAATAACATGAAGAGCTTGAAGGCCAGTGGCGTGACCACGCTTTTTATGGAGCACCTCTGCGCCGAGTCACATGACAAGGCGCTCAATAATTACCTGAGCGCGCCCAAAGGCAGTCCGATGCCTGCCAGGCTGAAAAACTACCTCGATTTGCAGAGTCAGGGTCATCAGGCCCCGGAAGAGCTCCACACGAAATATAACTTCACCACCTTGGTGGAAGCGGCCAAGCACGCCGGGTTGCGCGTTGTCTCGCTGGATACAACGTCCACCTATATGGCCCCGGAGAAAGCTGAGATAAAGCGTGCCCAAGCCATGAATTACTACGCAGCAGAAAAAATAAGGCTGAGCAAACCGGAAGGTAAGTGGGTCGCTTTTGTCGGGGCAACGCACGCCACTTCCTGTGACGGAGTCCCAGGGTTGGCAGAGTTGCATGGGGTACGCAGTCTGGTGATCGATGATCTGGGCCTCAAGTCCCGAGCGACCGTCGATATCAATGTGAAAAACTACGGCGGCAAGCTGAATCCAGACGTGAGGCTTTCCTATAAGGTCTGA | L31: GCGGCCGCAGTTACCTGGAGTAGTGTTGGCAATGGCGATCTCGATCATTTTTTCTGGAACCAACTCGCACCCTCAACCACACAGTTGCCATCCCTCACTCTCGGATGGCAACTCACCATGAGACCCGTCGGTGGCCCGGCTCCGGGTTATTACCCGCCAGCCTATGAAGCTGAGCGACCCACTGCGCAAACTGCAGGAAACGATCGCGCGCGATCTTCACAGGCCAGTTCCTCTCCAGCAGCCAGCGTTGCGACAGAGACTCCAATGCTGGGGGATCTGAAGCGCTTTCCAGCCGGGCGCTATCCGGATATGAAGGTAGAAAATATCCGGCTGAAAATCGAGGGGCAGGAGCTTGGCGGAAAGGAGGGCGTAAAGCACACCAGAAGGCGTAAGCCGGACGCAGCAGGCAGCAGTCATGTGCACGGCGGCCAGAGTGTGGCCTCGACCTTGGCTTCAGCTCAAAGCAAAGCATTGCAGGATACGAACTTCAAGGCGAGCGATCTTGCCGAGCTCGCACGCTGGTGTGAGAGCCCGCACCCCTATGCGCTGGCACCCTCAAAAGCCGCGGGAAAAAGCAGCCAACTGTCTGCAAATGTTGTGAGCATCCTGTTGCAAGAAGGCAAGCACGCCCTTGAACAGCGCCTTGAGGCTCAAGGTCTCAAGCTGGGCGACGTTGTTGTCTCGGAAGGTCGGGACCACCTTCATATAAATCTCAATTACCTTGAAATGGACAGTTGTCTGGGGACGTCCAAGGGTTTATGGGCACCTGACAGTAATGACAAGAAACTGATTGCCAAGGCAGCGCGTTATTTTGATGATTTCAACGCGCAAAAGTTACCTGAGCTGGCGCCGTTGACGAAGATGAAAAGCAAGGACAGTCTCGGTGTCATGCGCGAGCTGTTACGTGATGCGCCGGGGCTTGTTATTGGTGAGGGTCACAATTCAACGTCCAGCAAGCGTGAACTGATCAATAACATGAAGAGCTTGAAGGCCAGTGGCGTGACCACGCTTTTTATGGAGCACCTCTGCGCCGAGTCACATGACAAGGCGCTCAATAATTACCTGAGCGCGCCCAAAGGCAGTCCGATGCCTGCCAGGCTGAAAAACTACCTCGATTTGCAGAGTCAGGGTCATCAGGCCCCGGAAGAGCTCCACACGAAATATAACTTCACCACCTTGGTGGAAGCGGCCAAGCACGCCGGGTTGCGCGTTGTCTCGCTGGATACAACGTCCACCTATATGGCCCCGGAGAAAGCTGAGATAAAGCGTGCCCAAGCCATGAATTACTACGCAGCAGAAAAAATAAGGCTGAGCAAACCGGAAGGTAAGTGGGTCGCTTTTGTCGGGGCAACGCACGCCACTTCCTGTGACGGAGTCCCAGGGTTGGCAGAGTTGCATGGGGTACGCAGTCTGGTGATCGATGATCTGGGCCTCAAGTCCCGAGCGACCGTCGATATCAATGTGAAAAACTACGGCGGCAAGCTGAATCCAGACGTGAGGCTTTCCTATAAGGTCGGCGCATACCCTTACGATGTTCCTGATTACGCATGAAAAGAGGACAGCCCGCCTAATGAGCGGGCTTTTTTTTGCGCGTAGCAGATGATGACAAGTCGCGGCCGC | M31: AAAGAGGA | N31: =LEN(L31) -> 1620 | O31: =LEN(K31) -> 1401 | P31: MRPVGGPAPGYYPPAYEAERPTAQTAGNDRARSSQASSSPAASVATETPMLGDLKRFPAGRYPDMKVENIRLKIEGQELGGKEGVKHTRRRKPDAAGSSHVHGGQSVASTLASAQSKALQDTNFKASDLAELARWCESPHPYALAPSKAAGKSSQLSANVVSILLQEGKHALEQRLEAQGLKLGDVVVSEGRDHLHINLNYLEMDSCLGTSKGLWAPDSNDKKLIAKAARYFDDFNAQKLPELAPLTKMKSKDSLGVMRELLRDAPGLVIGEGHNSTSSKRELINNMKSLKASGVTTLFMEHLCAESHDKALNNYLSAPKGSPMPARLKNYLDLQSQGHQAPEELHTKYNFTTLVEAAKHAGLRVVSLDTTSTYMAPEKAEIKRAQAMNYYAAEKIRLSKPEGKWVAFVGATHATSCDGVPGLAELHGVRSLVIDDLGLKSRATVDINVKNYGGKLNPDVRLSYKV* | Q31: =(O31-3)/3 -> 466 | R31: 50.40121 | S31: 1 | T31: 0 | U31: 1 | V31: 0
A32: 69 | B32: HopB1d | C32: HopB | D32: HopB1 | E32: 2 | F32: PsyCC1466_HopB1d_1 | J32: GGAACCAACGCGTTTGCTCAACCACACA | K32: ATGAGACCTGTCGGTGGGCCTGCCCCAAGCTATTACCCTCCAACATCTGAAATTGAACAGCCTGTTGCGCGATCCGCGCCGAAAGAGCCCTCTCAATCGTCACAAGCCAGCTCTTCGGGGACCAGCAACGCCCCGGCAGATACGCCGAAACTGGGTAAAATTCGGCACTATGCAGCTGGACGATATGCTCATCTCGCAGAAGCGATCGTTAATATGAAAGTCTCTGATCATGAGCAGGCAGAGGCTAATGACGCAGGCAGGGAGCGCAAAAGCGAACGGAAGTCTCGTGCTGGTGACAGCACTGCCGTGAGGGGCAAGCAAAACGCCGGCTCATCTTCACGCTCATCAGACAGTAAATTTAAAGCCTCCAGCCTCGCTGAGCTGGCAAGTTGGAGCGAAAACACCTATTCCTATAGCATGGCCCCCGCTGGTATGTTCAAGGGAATGCCCGGGTCGGCAATAGACAGATTTGTGAACGACGCAAAAAAAACGCTGGGAGAAGGTCTGAGTGGGGTCGGTGTAACGTTGGACGACGTTATTGTGTCTCAACGTCGGCAAACTATTAATGTGAATCTCAACTATATAGAAATGGAACGCTACCTGGGTCGCAATCAGAACCTGTGGGTTCAACCTGACAAAAATAATGCAGGTGAAAAGTTGCGTGCCAAGGCGACGCTCTATTTTTCTGACTTCCACGCCCAGGACAAACCGCCGCTTGGCCCGCTTTCAAAGTTAAAAAGCAAGGAAAGCCTGGGTGTTATGCGTGAACTGCTAAAAGACTCACCTGGACTTGTTATTGGCGAAGCCCACAGCTCAGTCGCCAGCAAGCGCGAGCTGATCAAAAACATGAAAAGCCTTAAGGCTGATGGCGTGACCACGCTGTATATGGAACACCTGTGTGCTGATTCCCATGGCAAAGCACTGGATGACTACCTGAAAGCGCCCAAAGGTAGCCCAATGCCCGCGAGGCTCAAGGCCTATCTTGATATGCAGACCAAGGGCAATCTGAGTATAGGTAAAGTCGCATCAGAGTATAACTTTACAACGCTAATACGCGCGGCCAAAGACGCCGGGCTTCATGTGGTTCCCCTGGACACTGCCAAAACATATGAAACATCACTTGAGGGCAATGAAATACGCTTCAAAGTGATGAACTATTACGCCGCAGAGAAAATACGTCTCGACCAGCCTGCCGGTAAATGGGTTGCCTTCGTGGGCTCAGGTCACGCTGCAACCTGTGACGGTGTGCCCGGACTGGCCGAACTTCATGGGGTCAGGAGTCTGATAATCGACGATTTTGGGGAAAAGTCTCGTCCTGAAATCAGCGTTAACGCAAAAAAATACGCCGATAATATTAACCCGGATGTTGTCCTGTCTTATAAGGTCTGA | L32: GCGGCCGCAGTTACCTGGAGTAGTGTTGGCGACTGGCGGTTTCGATGAATTCTCTGGAACCAACGCGTTTGCTCAACCACACAGTTGCCATCCCTCACTCTCGGATGGCAACTTACCATGCGTATTTCCGGCTCTCCCTTCAGCGGTATCGTTAATCAACCCACCCCGAACGAACTGGCTGGGGAGTCGCCTCTTGCCAAAGCTCTATTGACGCCGGCCGGAGGTGGTCAAGCCGGTATGAGACCTGTCGGTGGGCCTGCCCCAAGCTATTACCCTCCAACATCTGAAATTGAACAGCCTGTTGCGCGATCCGCGCCGAAAGAGCCCTCTCAATCGTCACAAGCCAGCTCTTCGGGGACCAGCAACGCCCCGGCAGATACGCCGAAACTGGGTAAAATTCGGCACTATGCAGCTGGACGATATGCTCATCTCGCAGAAGCGATCGTTAATATGAAAGTCTCTGATCATGAGCAGGCAGAGGCTAATGACGCAGGCAGGGAGCGCAAAAGCGAACGGAAGTCTCGTGCTGGTGACAGCACTGCCGTGAGGGGCAAGCAAAACGCCGGCTCATCTTCACGCTCATCAGACAGTAAATTTAAAGCCTCCAGCCTCGCTGAGCTGGCAAGTTGGAGCGAAAACACCTATTCCTATAGCATGGCCCCCGCTGGTATGTTCAAGGGAATGCCCGGGTCGGCAATAGACAGATTTGTGAACGACGCAAAAAAAACGCTGGGAGAAGGTCTGAGTGGGGTCGGTGTAACGTTGGACGACGTTATTGTGTCTCAACGTCGGCAAACTATTAATGTGAATCTCAACTATATAGAAATGGAACGCTACCTGGGTCGCAATCAGAACCTGTGGGTTCAACCTGACAAAAATAATGCAGGTGAAAAGTTGCGTGCCAAGGCGACGCTCTATTTTTCTGACTTCCACGCCCAGGACAAACCGCCGCTTGGCCCGCTTTCAAAGTTAAAAAGCAAGGAAAGCCTGGGTGTTATGCGTGAACTGCTAAAAGACTCACCTGGACTTGTTATTGGCGAAGCCCACAGCTCAGTCGCCAGCAAGCGCGAGCTGATCAAAAACATGAAAAGCCTTAAGGCTGATGGCGTGACCACGCTGTATATGGAACACCTGTGTGCTGATTCCCATGGCAAAGCACTGGATGACTACCTGAAAGCGCCCAAAGGTAGCCCAATGCCCGCGAGGCTCAAGGCCTATCTTGATATGCAGACCAAGGGCAATCTGAGTATAGGTAAAGTCGCATCAGAGTATAACTTTACAACGCTAATACGCGCGGCCAAAGACGCCGGGCTTCATGTGGTTCCCCTGGACACTGCCAAAACATACGAAACATCACTTGAGGGCAATGAAATACGCTTCAAAGTGATGAACTATTACGCCGCAGAGAAAATACGTCTCGACCAGCCTGCCGGTAAATGGGTTGCCTTCGTGGGCTCAGGTCACGCTGCAACCTGTGACGGTGTGCCCGGACTGGCCGAACTTCATGGGGTCAGGAGTCTGATAATCGACGATTTTGGGGAAAAGTCTCGTCCTGAAATCAGCGTTAACGCAAAAAAATACGCCGATAATATTAACCCGGATGTTGTCCTGTCTTATAAGGTCGGCGCATACCCTTACGATGTTCCTGATTACGCATGACTCACTAACAGCCCGCCTAATGAGCGGGCTTTTTTTTGCGCGTAGCAGATGATGACAAGTCGCGGCCGC | M32: CTCACTAA | N32: =LEN(L32) -> 1728 | O32: =LEN(K32) -> 1389 | P32: MRPVGGPAPSYYPPTSEIEQPVARSAPKEPSQSSQASSSGTSNAPADTPKLGKIRHYAAGRYAHLAEAIVNMKVSDHEQAEANDAGRERKSERKSRAGDSTAVRGKQNAGSSSRSSDSKFKASSLAELASWSENTYSYSMAPAGMFKGMPGSAIDRFVNDAKKTLGEGLSGVGVTLDDVIVSQRRQTINVNLNYIEMERYLGRNQNLWVQPDKNNAGEKLRAKATLYFSDFHAQDKPPLGPLSKLKSKESLGVMRELLKDSPGLVIGEAHSSVASKRELIKNMKSLKADGVTTLYMEHLCADSHGKALDDYLKAPKGSPMPARLKAYLDMQTKGNLSIGKVASEYNFTTLIRAAKDAGLHVVPLDTAKTYETSLEGNEIRFKVMNYYAAEKIRLDQPAGKWVAFVGSGHAATCDGVPGLAELHGVRSLIIDDFGEKSRPEISVNAKKYADNINPDVVLSYKV* | Q32: =(O32-3)/3 -> 462 | R32: 50.07156 | S32: 1 | T32: 1 | U32: 1 | V32: 1 | W32: BAR1
A33: 70 | B33: HopB1b | C33: HopB | D33: HopB1 | E33: 11 | F33: PsfICMP4996_HopB1b_1 | J33: GGAACCAACTTGCGCGCAAAACCACACA | K33: ATGAGACCTGTCGGTGGGCCTGCCCCAAGCTATTATCCTCCAGCACCTGAAATTGAAAGGTCTGTTGCGCGATCCGCGCCGAAAGAGCTCTCTCAATCGTCACAAGCCAGCTCTTCGGGGACCAGCAGCGAGTCAGCAGATACGCCGAAGCTGGGTAAAATTCGGCACTATGCAGCTGGACGATATGCTCATCTCGCAGAAGCGATCGTCAATATGAACGTCTCTGGCCATGAGCAGGCAGAGGATAAGGATGCGGGCAGGGAGCGCAAAAGCGAACGGAAGTCTCGTGCGGGTAACAGCACTGCTGTGAGGGGCAAGCAAAACGCTGGCTCATCTTCACGCTCATCAGACAGTAGATTTAAAGCCTCCAGCCTCGCTGAGTTGGCAAGTTGGAGCGAAAACACTCATTCCTATAGCATGGCCCCCGCGAGCATGTTCAAGGGAATGCCCGTGTCGGCAATAGACAGATTTGTAAGCGACGCAAAAAAAACGCTGGGAGAAGGTCTGAGTGAGGTCGGTGTAAAGCTGGACGACGTTATTGTGTCTCAAAGCCGGCAAACTATTAATGTGAACCTAAACTATATAGAAATGAACGAATACCTGGGGCGTGATCAGAACTTGTGGGTCCAGCCGGACAGGAATAATGCAGGTGAAAAATTACGTGCCAAGGCTACGCTCTATTTTTCTGACTTCAGCGCCCAGGACAAACGGCCGCTTGGCCAGTTGTCAAAGTTAAAAAGCAAGGAAAGTCTGGGTGTTATGCGGGAGCTACTAAGCGGTTCACCTGGATTGGTTATCGGCGAAGCTCACAGTTCAGTGGCCAGCAAGCGTGAGCTGATCAAAAACATGAAAAGTCTGAAGGCCGATGGCGTGACCACGCTGTATATGGAGCATCTGTGCGCTGATTCCCATGGTAAAGCACTGGATGATTACCTGAAGGCGCCTAAAGGCAGCCCAATGCCCGCTAGGCTCAAGGCTTATCTTGATATGCAGACCAAGGGTAATCTGGGTATAGGTAAAGTGGCATCAGAGTACAACTTTACAACGCTGATACGCGCTGCCAAAGACGCCGGGCTTCATGTGGTTCCCTTGGACACCGCCAAAACATATGAAACATCCCTTGAAGACGCTGAAACACGCTACAAAGTGATGAACTACTATGCAGCAGAAAAAATACGTCTCGATCAGCCTGCTGGCAAATGGGTTGCCTTCGTGGGCTCAGGCCACGCTGCAACCTGCGACGGAGTGCCCGGGTTGGCGGAGCTTCATGGGGTCAGGAGTCTGATAATCGACGATTTTGGGACAAAGTCTCGTCCCGACATCAATATTAACGCTAAGAAATACGCCGATAAGATTAACCCGGATGTCGTCCTGTCTTATAAGGTCTGA | L33: GCGGCCGCAGTTACCTGGAGTAGTGTTGGCCGTTCGCCTGAGTGAACATCTGTCTGGAACCAACTTGCGCGCAAAACCACACAGTTGCCATCCCTGACCACTTGGATGGCAACCATGAGACCTGTCGGTGGGCCTGCCCCAAGCTATTATCCTCCAGCACCTGAAATTGAAAGGTCTGTTGCGCGATCCGCGCCGAAAGAGCTCTCTCAATCGTCACAAGCCAGCTCTTCGGGGACCAGCAGCGAGTCAGCAGATACGCCGAAGCTGGGTAAAATTCGGCACTATGCAGCTGGACGATATGCTCATCTCGCAGAAGCGATCGTCAATATGAACGTCTCTGGCCATGAGCAGGCAGAGGATAAGGATGCGGGCAGGGAGCGCAAAAGCGAACGGAAGTCTCGTGCGGGTAACAGCACTGCTGTGAGGGGCAAGCAAAACGCTGGCTCATCTTCACGCTCATCAGACAGTAGATTTAAAGCCTCCAGCCTCGCTGAGTTGGCAAGTTGGAGCGAAAACACTCATTCCTATAGCATGGCCCCCGCGAGCATGTTCAAGGGAATGCCCGTGTCGGCAATAGACAGATTTGTAAGCGACGCAAAAAAAACGCTGGGAGAAGGTCTGAGTGAGGTCGGTGTAAAGCTGGACGACGTTATTGTGTCTCAAAGCCGGCAAACTATTAATGTGAACCTAAACTATATAGAAATGAACGAATACCTGGGGCGTGATCAGAACTTGTGGGTCCAGCCGGACAGGAATAATGCAGGTGAAAAATTACGTGCCAAGGCTACGCTCTATTTTTCTGACTTCAGCGCCCAGGACAAACGGCCGCTTGGCCAGTTGTCAAAGTTAAAAAGCAAGGAAAGTCTGGGTGTTATGCGGGAGCTACTAAGCGGTTCACCTGGATTGGTTATCGGCGAAGCTCACAGTTCAGTGGCCAGCAAGCGTGAGCTGATCAAAAACATGAAAAGTCTGAAGGCCGATGGCGTGACCACGCTGTATATGGAGCATCTGTGCGCTGATTCCCATGGTAAAGCACTGGATGATTACCTGAAGGCGCCTAAAGGCAGCCCAATGCCCGCTAGGCTCAAGGCTTATCTTGATATGCAGACCAAGGGTAATCTGGGTATAGGTAAAGTGGCATCAGAGTACAACTTTACAACGCTGATACGCGCTGCCAAAGACGCCGGGCTTCATGTGGTTCCCTTGGACACCGCCAAAACATACGAAACATCCCTTGAAGACGCTGAAACACGCTACAAAGTGATGAACTACTATGCAGCAGAAAAAATACGTCTCGATCAGCCTGCTGGCAAATGGGTTGCCTTCGTGGGCTCAGGCCACGCTGCAACCTGCGACGGAGTGCCCGGGTTGGCGGAGCTTCATGGGGTCAGGAGTCTGATAATCGACGATTTTGGGACAAAGTCTCGTCCCGACATCAATATTAACGCTAAGAAATACGCCGATAAGATTAACCCGGATGTCGTCCTGTCTTATAAGGTCGGCGCATACCCTTACGATGTTCCTGATTACGCATGAATCCACAACAGCCCGCCTAATGAGCGGGCTTTTTTTTGCGCGTAGCAGATGATGACAAGTCGCGGCCGC | M33: ATCCACAA | N33: =LEN(L33) -> 1605 | O33: =LEN(K33) -> 1389 | P33: MRPVGGPAPSYYPPAPEIERSVARSAPKELSQSSQASSSGTSSESADTPKLGKIRHYAAGRYAHLAEAIVNMNVSGHEQAEDKDAGRERKSERKSRAGNSTAVRGKQNAGSSSRSSDSRFKASSLAELASWSENTHSYSMAPASMFKGMPVSAIDRFVSDAKKTLGEGLSEVGVKLDDVIVSQSRQTINVNLNYIEMNEYLGRDQNLWVQPDRNNAGEKLRAKATLYFSDFSAQDKRPLGQLSKLKSKESLGVMRELLSGSPGLVIGEAHSSVASKRELIKNMKSLKADGVTTLYMEHLCADSHGKALDDYLKAPKGSPMPARLKAYLDMQTKGNLGIGKVASEYNFTTLIRAAKDAGLHVVPLDTAKTYETSLEDAETRYKVMNYYAAEKIRLDQPAGKWVAFVGSGHAATCDGVPGLAELHGVRSLIIDDFGTKSRPDININAKKYADKINPDVVLSYKV* | Q33: =(O33-3)/3 -> 462 | R33: 50.0985 | S33: 1 | T33: 1 | U33: 1 | V33: 1 | W33: BAR1
A34: 71 | B34: HopI1c | C34: HopI | D34: HopI1 | E34: 40 | F34: PsaCH2010_6_HopI1c_1 | J34: GGAACCAGATCTCGTTGCTTGCCACAAA | K34: ATGATCAACCTCACCCACATTGCGTCTTCATTGGCGCGGGCAGCGCTCAGCGATTCGACAAAGCCGAAGATGGAGCGCGCGATAAACGTCGCGAGCCACATCGCTGGCAAAGTCGCGCTGCAGGTCACTAGCTCATTACTGGAGCAGAAAGGCCTGCTTAACGAGCGTCAGCAGAAAGGGCTCTCGATGATTCTGAAGGCCTTTAGCGGCAAGGAGCCGGTGAACAATGTCGAGACGCACGAAGGGGGAGGCCGATTCAATCTGGCGCGAGCCGCCTTCGACGTGGCCAGCGTTGTCTGGGAGCGCGACAAGTCGATGCAAAACGTGATGAGCTTTCTGGGCGTCAGCGACAGCAAGGGCAAGATGTTGTTCTCGTTGGGCAAGAAGCTGGCGGACGCGATGGCCAAGCCTGAGCCTGGCAAGGATAACAGTGAGGCCACTAATGCGCGTCATGCGTATTTCTCCAGCAACTTGAAACTGAACAAGTTGATGAACGACCTCACTAACCAGGTGTTCAACAAGATTCGTCAGTCGAACGGTGATCGGGTGCGACGACCCATGCCAGAACCATTCTGGAGACCTGACGGCGCCCAGCAGCAAGCGCGTCCGCAAACGCCTCCTGGCGCTCGCCCACAAGCCAACAGTACGCCGCCACCGCCGCCGAAAGCAGAGCCACGACCTGCGTCGGGCCGACCTGACGGCCCCCAACAGCAGGCACGCCCGGAAACGCCGCCTCGTACTCGCCCGCAGACGAACAGCACGCCGCCTCCGCCGCCGAAAGCCGAGCCACGACCTGCTTCCGGCCGACCTGACGGCGCCCAACAGCAGGCGCGTCCGGAAACGCCGCCTCGTACTCGACCGCAGGCCAATAGCACGCCGCCACCGCCGAAAGCAGAACCCAGCGCAGGCAGCGAGCGACCGTCAACAGGGCGGCCCAACACTACATCGGCTGCCGATGCGTCCGCCAAGGTAGGCGATTCCGCCCCTGCCAAGCCGCCCGTCAAGCCGTTGTACGAACACTTGGGCCTCTCGGATATGTCGGTAAATCTGACCGCGGTCAAAAAGGCTTACCGAGATGCCGCTTTGAAGAACCACCCTGATAAAAAACCTGCCAGCGAGGTTAATGAGGCGACTGAGCGCTTCAAAATAATTTCAAATGCGTACCAGATTTTGTCCGATCCGGAGCGTCGCAAGGATTACGACAACGGCCTTATTGATGAAAAAGGTAACAGGGTGGTACCTGATGCCAGGGCGTGA | L34: GCGGCCGCAGTTACCTGGAGTAGTGTTGGCCGGCATCGAATATTGACCCCACCTTGGAACCAGATCTCGTTGCTTGCCACAAAGGCGATATCAGTTTCCGGGGACGCCTATGATCAACCTCACCCACATTGCGTCTTCATTGGCGCGGGCAGCGCTCAGCGATTCGACAAAGCCGAAGATGGAGCGCGCGATAAACGTCGCGAGCCACATCGCTGGCAAAGTCGCGCTGCAGGTCACTAGCTCATTACTGGAGCAGAAAGGCCTGCTTAACGAGCGTCAGCAGAAAGGGCTCTCGATGATTCTGAAGGCCTTTAGCGGCAAGGAGCCGGTGAACAATGTCGAGACGCACGAAGGGGGAGGCCGATTCAATCTGGCGCGAGCCGCCTTCGACGTGGCCAGCGTTGTCTGGGAGCGCGACAAGTCGATGCAAAACGTGATGAGCTTTCTGGGCGTCAGCGACAGCAAGGGCAAGATGTTGTTCTCGTTGGGCAAGAAGCTGGCGGACGCGATGGCCAAGCCTGAGCCTGGCAAGGATAACAGTGAGGCCACTAATGCGCGTCATGCGTATTTCTCCAGCAACTTGAAACTGAACAAGTTGATGAACGACCTCACTAACCAGGTGTTCAACAAGATTCGTCAGTCGAACGGTGATCGGGTGCGACGACCCATGCCAGAACCATTCTGGAGACCTGACGGCGCCCAGCAGCAAGCGCGTCCGCAAACGCCTCCTGGCGCTCGCCCACAAGCCAACAGTACGCCGCCACCGCCGCCGAAAGCAGAGCCACGACCTGCGTCGGGCCGACCTGACGGCCCCCAACAGCAGGCACGCCCGGAAACGCCGCCTCGTACTCGCCCGCAGACGAACAGCACGCCGCCTCCGCCGCCGAAAGCCGAGCCACGACCTGCTTCCGGCCGACCTGACGGCGCCCAACAGCAGGCGCGTCCGGAAACGCCGCCTCGTACTCGACCGCAGGCCAATAGCACGCCGCCACCGCCGAAAGCAGAACCCAGCGCAGGCAGCGAGCGACCGTCAACAGGGCGGCCCAACACTACATCGGCTGCCGATGCGTCCGCCAAGGTAGGCGATTCCGCCCCTGCCAAGCCGCCCGTCAAGCCGTTGTACGAACACTTGGGCCTCTCGGATATGTCGGTAAATCTGACCGCGGTCAAAAAGGCTTACCGAGATGCCGCTTTGAAGAACCACCCTGATAAAAAACCTGCCAGCGAGGTTAATGAGGCGACTGAGCGCTTCAAAATAATTTCAAATGCGTACCAGATTTTGTCCGATCCGGAGCGTCGCAAGGATTACGACAACGGCCTTATTGATGAAAAAGGTAACAGGGTGGTACCTGATGCCAGGGCGGGCGCATACCCTTACGATGTTCCTGATTACGCATGATGGTCCCGCAGCCCGCCTAATGAGCGGGCTTTTTTTTGCGCGTAGCAGATGATGACAAGTCGCGGCCGC | M34: TGGTCCCG | N34: =LEN(L34) -> 1468 | O34: =LEN(K34) -> 1257 | P34: MINLTHIASSLARAALSDSTKPKMERAINVASHIAGKVALQVTSSLLEQKGLLNERQQKGLSMILKAFSGKEPVNNVETHEGGGRFNLARAAFDVASVVWERDKSMQNVMSFLGVSDSKGKMLFSLGKKLADAMAKPEPGKDNSEATNARHAYFSSNLKLNKLMNDLTNQVFNKIRQSNGDRVRRPMPEPFWRPDGAQQQARPQTPPGARPQANSTPPPPPKAEPRPASGRPDGPQQQARPETPPRTRPQTNSTPPPPPKAEPRPASGRPDGAQQQARPETPPRTRPQANSTPPPPKAEPSAGSERPSTGRPNTTSAADASAKVGDSAPAKPPVKPLYEHLGLSDMSVNLTAVKKAYRDAALKNHPDKKPASEVNEATERFKIISNAYQILSDPERRKDYDNGLIDEKGNRVVPDARA* | Q34: =(O34-3)/3 -> 418 | R34: 45.29602 | S34: 1 | T34: 0 | U34: 1 | V34: 0
A35: 72 | B35: HopI1e | C35: HopI | D35: HopI1 | E35: 27 | F35: PspICMP16928_HopI1e_1 | J35: GGAACCAGATCTCGTTGCTTGCCACCAA | K35: ATGATCAACCTCACCCACATTGCGTCTTCATTGGCGCGGGCAGCGCTCAGCGATTCGACAAAGCCGAAGATGGAGCGCGCGATAAACGTCGCGAGCCACATCGCTGGCAAAGTCGCGTTGCAGGTCACCAGCTCATTACTGGAGCAGAAAGGTCTGCTTAACGAGCGTCAGCAGAAAGGGCTCTCGATGATTCTGAAGGCCTTGAGCGGCAAGGAGCCGGTGAACAATGTCGAGACGCACGAAGGGGGAGGCCGATTCAATCTGGCGCGAGCCGCCTTCGACGTGGCCAGCGTTGTCTGGGAGCGCGACAAGTCGATGCATAACGTGATGAGCTTTCTGGGCGTCAGCGACAGCAAGGGCAAGATGTTGTTCTCTCTGGGCAAGAAGCTGGCGGATGCAATGGCCAAGCCTGAGCCTGGCAAGGACAACAGTGAGGCCACTAATGCGCGCCATGCCTATTTCTCCAGCAACTTGAAACTGAACAAGTTGATGAACGACCTCACTGACCAGGTTTTCAACAAGATTCGCCAGTCGAACGGTGATCGCGTGCGACGACCCATGCCAGAACCATTCTGGAGACCTTACGGCGCCCAACAGCAAGCGCGCCCGCAAACGCCTCCCGGCACTCGCCCACAAGCCAACAGCGCGCCGCCACCGCCGCCGAAAGCAGAGCCACGACCTGCCTCGGGCCGGCCTGACGGCGCCCAACAGCAGGCGAGCCCGGAAACGCCGCCTCGTACTCGACCGCAGGCCAATAGCACTCCGCCACCGCCGCCCAAAGCAGAACCCAGCGCAGGCGGCGAACGGCCTTCAACGGCGCGGCCCAATAACACATCGGCTGCTGACGCATCTGCCAGGGTGGGCGATTCCGCACCTGCCAAGCCGCCCGTCAAGCCGTTGTACGAGCACTTGGGCCTCACTGACATGTCGGTGGACTTATCCGCCGTTAAAAAGGCTTACAGAGATGCCGCGATGAAGAACCACCCTGATAAAAACCGCGGCAACGCGCTTCAAAGTCGTTTCAAATGCGTACAAGATTTTATCCGACCCGGAGTTGCGCAAAGCATACGACAACGGCCGTATCAATGA | L35: GCGGCCGCAGTTACCTGGAGTAGTGTTGGCCAGCATCGAATATTGACTCGACCGTGGAACCAGATCTCGTTGCTTGCCACCAAGGCGATATCAGTTCCCGGGGAAGCCTATGATCAACCTCACCCACATTGCGTCTTCATTGGCGCGGGCAGCGCTCAGCGATTCGACAAAGCCGAAGATGGAGCGCGCGATAAACGTCGCGAGCCACATCGCTGGCAAAGTCGCGTTGCAGGTCACCAGCTCATTACTGGAGCAGAAAGGTCTGCTTAACGAGCGTCAGCAGAAAGGGCTCTCGATGATTCTGAAGGCCTTGAGCGGCAAGGAGCCGGTGAACAATGTCGAGACGCACGAAGGGGGAGGCCGATTCAATCTGGCGCGAGCCGCCTTCGACGTGGCCAGCGTTGTCTGGGAGCGCGACAAGTCGATGCATAACGTGATGAGCTTTCTGGGCGTCAGCGACAGCAAGGGCAAGATGTTGTTCTCTCTGGGCAAGAAGCTGGCGGATGCAATGGCCAAGCCTGAGCCTGGCAAGGACAACAGTGAGGCCACTAATGCGCGCCATGCCTATTTCTCCAGCAACTTGAAACTGAACAAGTTGATGAACGACCTCACTGACCAGGTTTTCAACAAGATTCGCCAGTCGAACGGTGATCGCGTGCGACGACCCATGCCAGAACCATTCTGGAGACCTTACGGCGCCCAACAGCAAGCGCGCCCGCAAACGCCTCCCGGCACTCGCCCACAAGCCAACAGCGCGCCGCCACCGCCGCCGAAAGCAGAGCCACGACCTGCCTCGGGCCGGCCTGACGGCGCCCAACAGCAGGCGAGCCCGGAAACGCCGCCTCGTACTCGACCGCAGGCCAATAGCACTCCGCCACCGCCGCCCAAAGCAGAACCCAGCGCAGGCGGCGAACGGCCTTCAACGGCGCGGCCCAATAACACATCGGCTGCTGACGCATCTGCCAGGGTGGGCGATTCCGCACCTGCCAAGCCGCCCGTCAAGCCGTTGTACGAGCACTTGGGCCTCACTGACATGTCGGTGGACTTATCCGCCGTTAAAAAGGCTTACAGAGATGCCGCGATGAAGAACCACCCTGATAAAAACCGCGGCAACGCGCTTCAAAGTCGTTTCAAATGCGTACAAGATTTTATCCGACCCGGAGTTGCGCAAAGCATACGACAACGGCCGTATCAAGGCGCATACCCTTACGATGTTCCTGATTACGCATGACCCCTCTCCAGCCCGCCTAATGAGCGGGCTTTTTTTTGCGCGTAGCAGATGATGACAAGTCGCGGCCGC | M35: CCCCTCTC | N35: =LEN(L35) -> 1300 | O35: =LEN(K35) -> 1089 | P35: MINLTHIASSLARAALSDSTKPKMERAINVASHIAGKVALQVTSSLLEQKGLLNERQQKGLSMILKALSGKEPVNNVETHEGGGRFNLARAAFDVASVVWERDKSMHNVMSFLGVSDSKGKMLFSLGKKLADAMAKPEPGKDNSEATNARHAYFSSNLKLNKLMNDLTDQVFNKIRQSNGDRVRRPMPEPFWRPYGAQQQARPQTPPGTRPQANSAPPPPPKAEPRPASGRPDGAQQQASPETPPRTRPQANSTPPPPPKAEPSAGGERPSTARPNNTSAADASARVGDSAPAKPPVKPLYEHLGLTDMSVDLSAVKKAYRDAAMKNHPDKNRGNALQSRFKCVQDFIRPGVAQSIRQRPYQ* | Q35: =(O35-3)/3 -> 362 | R35: 39.25848 | S35: 1 | T35: 0 | U35: 1 | V35: 0
A36: 74 | B36: HopI1g | C36: HopI | D36: HopI1 | E36: 14 | F36: PalPSa1_3_HopI1g_1 | J36: GGAACCCTATCGTGTTGTGGACCACACA | K36: ATGATCAACCTCTCCAACCTCTCTGCTGTGGCGACTTCTGTAGCGCGGGCGGCGCTAGGCGAGTCGAATACGTCAAAGATAAATCACGCGTTCGATGTTGCGAGTCACATCGCTGGCCAAACGGCTTTGCGGGTGGGCAACTCATTGCTGGAGCAGATAAACCGGCTCAACGAGCGCCAACAACAGGGGCTCTCGGAGATTCTGAAAGCGTTGCGCGGCGAAAAGCCTGTGGATGGAGTCCATACGCACAGCGGAGGCGGTCTATTCAAACTGGCGCGGGCTGCGTTTGATGTGGTCAGTGTGGTCTGGGAGCGTGACAAGCTGAAGCCGCACGTGATGAGCTTTTTGAAAGCCCTCGATAGTCAGGGCAAGACGTTATTTTCACTGGGCAAGGAGATGGCGAAGGCGTTCGCCGAATCCGTGCAGGGGCCCGATAAGAACAACGGTAAAACGGAAAGCTCGCCATACGCTTCTTTCGCCAGCAAAGTTGGCATGAGTAAAGTTGTACAACGGTTGTTCAATGAATTAGGACGGCCGGGTGCTGAGCGTGTGCGACGACCTACGTCAGGTCCTGCCCCGAGACCTGGCGGCGCTGAACAACAAGCGCGTCCGGAGACGCCTCCGCGTACCCGGCCACAGGCCAATGGAGCGCCACCACCGCCACCGAAAGCGGAACCACGACCTTCGTCCGGCCGACCTGGCGGCGCTCAACAACAAGCGCGTCCGGAAACGCCTCCCCGCAGCCGACCGCAAACCAACAGCGCGCCACCGCCGCGGTCCAATAACACAGCGGGTGCAAGCGCTTCTGCCAAGGTGGGCGAGTCCGGCCCGGCCAAACCCGCCGTCAAGCCGTTGTACGAGTGGCTTGGGCTTTCGGATATGACGGCAAGCCCGGCTGCGGTCAAAAAGGCCTACTATAACGCATCGATGAAGCACCATCCGGATAAAAACCCTGGCGATGCAGGGGCGACGGCGCGTTTTCAGGACATTTCAAATGCGTTCTCTATTCTGTCCGATCCGGAAAAGCGCAAGGCATATGACAGCGGCCGTATGAATGAAAAGGGTCAGTATGTCTGA | L36: GCGGCCGCAGTTACCTGGAGTAGTGTTGGCGATTCAGGCACATTGCTTCAACTTGGGAACCCTATCGTGTTGTGGACCACACAGGCGATATCAATTCTTGGGGAAGCAATATGATCAACCTCTCCAACCTCTCTGCTGTGGCGACTTCTGTAGCGCGGGCGGCGCTAGGCGAGTCGAATACGTCAAAGATAAATCACGCGTTCGATGTTGCGAGTCACATCGCTGGCCAAACGGCTTTGCGGGTGGGCAACTCATTGCTGGAGCAGATAAACCGGCTCAACGAGCGCCAACAACAGGGGCTCTCGGAGATTCTGAAAGCGTTGCGCGGCGAAAAGCCTGTGGATGGAGTCCATACGCACAGCGGAGGCGGTCTATTCAAACTGGCGCGGGCTGCGTTTGATGTGGTCAGTGTGGTCTGGGAGCGTGACAAGCTGAAGCCGCACGTGATGAGCTTTTTGAAAGCCCTCGATAGTCAGGGCAAGACGTTATTTTCACTGGGCAAGGAGATGGCGAAGGCGTTCGCCGAATCCGTGCAGGGGCCCGATAAGAACAACGGTAAAACGGAAAGCTCGCCATACGCTTCTTTCGCCAGCAAAGTTGGCATGAGTAAAGTTGTACAACGGTTGTTCAATGAATTAGGACGGCCGGGTGCTGAGCGTGTGCGACGACCTACGTCAGGTCCTGCCCCGAGACCTGGCGGCGCTGAACAACAAGCGCGTCCGGAGACGCCTCCGCGTACCCGGCCACAGGCCAATGGAGCGCCACCACCGCCACCGAAAGCGGAACCACGACCTTCGTCCGGCCGACCTGGCGGCGCTCAACAACAAGCGCGTCCGGAAACGCCTCCCCGCAGCCGACCGCAAACCAACAGCGCGCCACCGCCGCGGTCCAATAACACAGCGGGTGCAAGCGCTTCTGCCAAGGTGGGCGAGTCCGGCCCGGCCAAACCCGCCGTCAAGCCGTTGTACGAGTGGCTTGGGCTTTCGGATATGACGGCAAGCCCGGCTGCGGTCAAAAAGGCCTACTATAACGCATCGATGAAGCACCATCCGGATAAAAACCCTGGCGATGCAGGGGCGACGGCGCGTTTTCAGGACATTTCAAATGCGTTCTCTATTCTGTCCGATCCGGAAAAGCGCAAGGCATACGACAGCGGCCGTATGAATGAAAAGGGTCAGTATGTCGGCGCATACCCTTACGATGTTCCTGATTACGCATGACGGGGCCCCAGCCCGCCTAATGAGCGGGCTTTTTTTTGCGCGTAGCAGATGATGACAAGTCGCGGCCGC | M36: CGGGGCCC | N36: =LEN(L36) -> 1289 | O36: =LEN(K36) -> 1077 | P36: MINLSNLSAVATSVARAALGESNTSKINHAFDVASHIAGQTALRVGNSLLEQINRLNERQQQGLSEILKALRGEKPVDGVHTHSGGGLFKLARAAFDVVSVVWERDKLKPHVMSFLKALDSQGKTLFSLGKEMAKAFAESVQGPDKNNGKTESSPYASFASKVGMSKVVQRLFNELGRPGAERVRRPTSGPAPRPGGAEQQARPETPPRTRPQANGAPPPPPKAEPRPSSGRPGGAQQQARPETPPRSRPQTNSAPPPRSNNTAGASASAKVGESGPAKPAVKPLYEWLGLSDMTASPAAVKKAYYNASMKHHPDKNPGDAGATARFQDISNAFSILSDPEKRKAYDSGRMNEKGQYV* | Q36: =(O36-3)/3 -> 358 | R36: 38.10187 | S36: 1 | T36: 0 | U36: 1 | V36: 0
A37: 75 | B37: HopI1o | C37: HopI | D37: HopI1 | E37: 5 | F37: PheICMP3263_HopI1o_1 | J37: GGAACCGGATCCCGTTGCTTGCCACCAA | K37: ATGATCAACCTCACCAGCATTGCATCCTCGTTGGCGCGTGTAGCGCTCAGCGATTCGGCAAAGCCAACGATAGACCGCGCGATGAACGTCGTTAGCCATATCGCTGGCAAAGTGGCGTTGCAGGTCAATAGCTCATTGCTGGAGCAGAAAGGCCGGCTCAACGAGCGTCAGCAGAAAGGCCTCGCGGTAATCCTGGACGCATTGCGCGGCAAGGAACCGGTGACCAATGTCGAGACGCACGAAGGCGGAGGCCGATTCAATCTGGCACGAGCTGCCTTCGACGTAGCCAGCGTTGTCTGGGAGCGCGACAAGTCGATGCATAACGTGATGAGCTTTTTGGGCGTCAGCGACAGCCAGGGCAAGACGTTGTTCTCTCTGGGCAAGAAGCTGGCCGACGCGATGGCCAAGCCTGAACCCGCGCAGGGCAAGGACAACTGTGAGGCGCACCATGCGTTCTTCTCCAGCAACCTGAAGCTGAACAAACTGATGAACGACATCGCTGACCAGCTGATCAACGAGATTCGTCAGTCGAACAGCGATCGCGTGCGACGACCCACACCGGGCCCATCCTGGAGACCTGAAAGCGCTCAACAGCAAGCACGTCCGGAAACGCCTCCACGCACTCGCCCCCAGGCCAACAGCGCGCCGCCACCACCACCGAAAGCAAAGCCCAATGCAGGCGCTGAGCGGCCGTCAACGCAACGGCCCCACGACACACCAGCCGCTGACGCTTCCGCGAAGGTGAGCGATTCCGCCCCCGCCAAGTCACCCGTCAAGCCGCTGTACGAGCACCTGGGCCTCTCGGACATGACGGCAGACCTCTCCGCAGTCAAAACGGCTTACAAGAAAGCCGCGTTGAAGAACCATCCTGATAAAAACGCGGGCAACGTGGAGGAGGCGACTGAGCGTTTCAAAGTGATTTCAAATGCGTTCAGGATTTTGTCCGATCCGCAATTGCGCAAGGATTATGACAATGGACTTATTGATGAGAAAGGCGACAAGGTTACGCCTGATTCTCCAGCGTAA | L37: GCGGCCGCAGTTACCTGGAGTAGTGTTGGCCTGCATCGAATATTGACTCGCCCGTGGAACCCGATCCCGTTGCTTGCCACCAAGACGACAATGAGTTCCCGGGAAAGGATATGATCAACCTCACCAGCATTGCATCCTCGTTGGCGCGTGTAGCGCTCAGCGATTCGGCAAAGCCAACGATAGACCGCGCGATGAACGTCGTTAGCCATATCGCTGGCAAAGTGGCGTTGCAGGTCAATAGCTCATTGCTGGAGCAGAAAGGCCGGCTCAACGAGCGTCAGCAGAAAGGCCTCGCGGTAATCCTGGACGCATTGCGCGGCAAGGAACCGGTGACCAATGTCGAGACGCACGAAGGCGGAGGCCGATTCAATCTGGCACGAGCTGCCTTCGACGTAGCCAGCGTTGTCTGGGAGCGCGACAAGTCGATGCATAACGTGATGAGCTTTTTGGGCGTCAGCGACAGCCAGGGCAAGACGTTGTTCTCTCTGGGCAAGAAGCTGGCCGACGCGATGGCCAAGCCTGAACCCGCGCAGGGCAAGGACAACTGTGAGGCGCACCATGCGTTCTTCTCCAGCAACCTGAAGCTGAACAAACTGATGAACGACATCGCTGACCAGCTGATCAACGAGATTCGTCAGTCGAACAGCGATCGCGTGCGACGACCCACACCGGGCCCATCCTGGAGACCTGAAAGCGCTCAACAGCAAGCACGTCCGGAAACGCCTCCACGCACTCGCCCCCAGGCCAACAGCGCGCCGCCACCACCACCGAAAGCAAAGCCCAATGCAGGCGCTGAGCGGCCGTCAACGCAACGGCCCCACGACACACCAGCCGCTGACGCTTCCGCGAAGGTGAGCGATTCCGCCCCCGCCAAGTCACCCGTCAAGCCGCTGTACGAGCACCTGGGCCTCTCGGACATGACGGCAGACCTCTCCGCAGTCAAAACGGCTTACAAGAAAGCCGCGTTGAAGAACCATCCTGATAAAAACGCGGGCAACGTGGAGGAGGCGACTGAGCGTTTCAAAGTGATTTCAAATGCGTTCAGGATTTTGTCCGATCCGCAATTGCGCAAGGATTATGACAATGGACTTATTGATGAGAAAGGCGACAAGGTTACGCCTGATTCTCCAGCGGGCGCATACCCTTACGATGTTCCTGATTACGCATAATAATTCGCCAGCCCGCCTAATGAGCGGGCTTTTTTTTGCGCGTAGCAGATGATGACAAGTCGCGGCCGC | M37: TAATTCGC | N37: =LEN(L37) -> 1238 | O37: =LEN(K37) -> 1026 | P37: MINLTSIASSLARVALSDSAKPTIDRAMNVVSHIAGKVALQVNSSLLEQKGRLNERQQKGLAVILDALRGKEPVTNVETHEGGGRFNLARAAFDVASVVWERDKSMHNVMSFLGVSDSQGKTLFSLGKKLADAMAKPEPAQGKDNCEAHHAFFSSNLKLNKLMNDIADQLINEIRQSNSDRVRRPTPGPSWRPESAQQQARPETPPRTRPQANSAPPPPPKAKPNAGAERPSTQRPHDTPAADASAKVSDSAPAKSPVKPLYEHLGLSDMTADLSAVKTAYKKAALKNHPDKNAGNVEEATERFKVISNAFRILSDPQLRKDYDNGLIDEKGDKVTPDSPA* | Q37: =(O37-3)/3 -> 341 | R37: 36.90661 | S37: 1 | T37: 0 | U37: 1 | V37: 0
A38: 76 | B38: HopI1l | C38: HopI | D38: HopI1 | E38: 11 | F38: PacICMP9850_HopI1l_1 | J38: GGAACCGGATCTCGTTGCTTGCCACCAA | K38: ATGATCAACCTCACCAGCATTGCATCTTCGTTGGCGCGTGTGGCGCTCAGCGATTCGACAAAGCCAACGATAGACCGCGCGATGAACGTCGTCAGCCATATCGCTGGCAAAGTGGCGTTGCAGGTCAACAACTCATTGTTGGAGCAGACAGGTCGGCTCAACGAGCGTCAGCAGAAAGGCCTCGCGGTAATCCTGGACGCGTTGCGTGGCAAGGAACCGGTGACCCATGTCGAGACGCACGAAGGGGGAGGCCGATTCAATCTGGCGCGAGCTGCCTTCGACGTGGCCAGCGTTGTCTGGGAGCGCGACAAGTCGATGCGCAACGTGATGAGCTTTTTGGGCGTCAGCGATAGCAAGGGCAACCTGCTGTTCTCTCTGGGCAAGACGCTGGCTGAGGCGATGGTCAAGCCCGAACCTGAGTATGGCAAGCACAACAGTGAGGCGAACTATGCGTTCTTCTCCAGCAACCTGAAGCTGAACAAACTGATGAACGACATCGCTGATCAACTGATCAACGAGATTCGTCAGTCGAACACCGATCGCGTGCGACGACCCACGCCGGGCCCGTCCTGGAGACCTGAAAGCACTCAACAGCAAGCACGCCCACAAACGCCTCCACGCACTCGCCCCCAGGCTGCCAACAGCGCGCCGCCGCCACCGCCGAAAGCCGAGCCCCGTGCAGGCGCTCAGCGGCCGTCAGCAGATCGGCCCCACGACACGCCCGCTGCTGGCGCGTCCGCGAAGGTGGACGATTCCGGCCCCGCCACGCCACCCGTCAAGCCGCTGTACGCGCATCTGGGCCTCTCGGACATGACGGCGGACCTCTCCGCAGTCAAAACGGCCTACAAGAAAGCCTCGCTGAAGAATCACCCTGATAAGAACGTCGGTAACGAGGCTGAGGCGACTGAGCGTTTCAAAGTGATTTCAAATGCGTTCAAGATTTTGTCCGATCCAGAATTGCGCAAGAAATACGACAATGGCCTTATTGATGAGAAAGGTGACCAGGTCCAGGTCTGA | L38: GCGGCCGCAGTTACCTGGAGTAGTGTTGGCACCTGTGCAGAGTTGGACATCCCGTGGAACCGGATCTCGTTGCTTGCCACCAAGGCGGTATGAGTTTCCGGAGAAGCCGATGATCAACCTCACCAGCATTGCATCTTCGTTGGCGCGTGTGGCGCTCAGCGATTCGACAAAGCCAACGATAGACCGCGCGATGAACGTCGTCAGCCATATCGCTGGCAAAGTGGCGTTGCAGGTCAACAACTCATTGTTGGAGCAGACAGGTCGGCTCAACGAGCGTCAGCAGAAAGGCCTCGCGGTAATCCTGGACGCGTTGCGTGGCAAGGAACCGGTGACCCATGTCGAGACGCACGAAGGGGGAGGCCGATTCAATCTGGCGCGAGCTGCCTTCGACGTGGCCAGCGTTGTCTGGGAGCGCGACAAGTCGATGCGCAACGTGATGAGCTTTTTGGGCGTCAGCGATAGCAAGGGCAACCTGCTGTTCTCTCTGGGCAAGACGCTGGCTGAGGCGATGGTCAAGCCCGAACCTGAGTATGGCAAGCACAACAGTGAGGCGAACTATGCGTTCTTCTCCAGCAACCTGAAGCTGAACAAACTGATGAACGACATCGCTGATCAACTGATCAACGAGATTCGTCAGTCGAACACCGATCGCGTGCGACGACCCACGCCGGGCCCGTCCTGGAGACCTGAAAGCACTCAACAGCAAGCACGCCCACAAACGCCTCCACGCACTCGCCCCCAGGCTGCCAACAGCGCGCCGCCGCCACCGCCGAAAGCCGAGCCCCGTGCAGGCGCTCAGCGGCCGTCAGCAGATCGGCCCCACGACACGCCCGCTGCTGGCGCGTCCGCGAAGGTGGACGATTCCGGCCCCGCCACGCCACCCGTCAAGCCGCTGTACGCGCATCTGGGCCTCTCGGACATGACGGCGGACCTCTCCGCAGTCAAAACGGCCTACAAGAAAGCCTCGCTGAAGAATCACCCTGATAAGAACGTCGGTAACGAGGCTGAGGCGACTGAGCGTTTCAAAGTGATTTCAAATGCGTTCAAGATTTTGTCCGATCCAGAATTGCGCAAGAAATACGACAATGGCCTTATTGATGAGAAAGGTGACCAGGTCCAGGTCGGCGCATACCCTTACGATGTTCCTGATTACGCATGAGATGCAACCAGCCCGCCTAATGAGCGGGCTTTTTTTTGCGCGTAGCAGATGATGACAAGTCGCGGCCGC | M38: GATGCAAC | N38: =LEN(L38) -> 1228 | O38: =LEN(K38) -> 1017 | P38: MINLTSIASSLARVALSDSTKPTIDRAMNVVSHIAGKVALQVNNSLLEQTGRLNERQQKGLAVILDALRGKEPVTHVETHEGGGRFNLARAAFDVASVVWERDKSMRNVMSFLGVSDSKGNLLFSLGKTLAEAMVKPEPEYGKHNSEANYAFFSSNLKLNKLMNDIADQLINEIRQSNTDRVRRPTPGPSWRPESTQQQARPQTPPRTRPQAANSAPPPPPKAEPRAGAQRPSADRPHDTPAAGASAKVDDSGPATPPVKPLYAHLGLSDMTADLSAVKTAYKKASLKNHPDKNVGNEAEATERFKVISNAFKILSDPELRKKYDNGLIDEKGDQVQV* | Q38: =(O38-3)/3 -> 338 | R38: 36.74848 | S38: 1 | T38: 0 | U38: 1 | V38: 0
A39: 77 | B39: HopI1n | C39: HopI | D39: HopI1 | E39: 7 | F39: PcuICMP11894_HopI1n_1 | J39: GGAACCAGATCCTGTTGCTTGCCACCAA | K39: ATGATCAACCTCACCAGCATTGCATCTTCGTTGGCGCGTGTAGCGCTCAGCGATTCGACAAAGCCAACGATAGATCGCGCGATGAACGTCGTTAGCCATATCGCTGGCAAAGTGGCGTTGCAGGTCAACAGCTCATTGCTGGAGCAGAAAGGCCGGCTCAACGAGCGTCAGCAGAAAGGCCTCGCGGTAATCCTGGACGCATTGCGCGGCAAGGAACCGGTGACCAATGTCGAGACTCACGAAGGCGGAGGCCGATTCAATCTGGCACGAACTGCCTTCGACGTAGCCAGCGTTGTCTGGGAGCGCGACAAGTCGATGCATAACGTGATGAGCTTTTTGGGCGTCAGCGACAGCCAAGGCAAGATGTTGTTCTCTCTGGGCAAGAAGCTGGCCGACGCGATGGCCAAGCCTGAGCCCGCGCAGGGCAAGGACAACTGTGAGGCGCACCACGCGTTCTTCTCCAGCAACCTGAAGCTGAACAAGCTGATGAACGACATCGCTGACCAGTTGATCAACGAGATTCGTCAGTCGAACACCGATCGCGTACGACGACCCACACCGGGCCCATCCTGGAGACCTGAAAGCGCCCAACAACAAGCACGTCCGCAAACGCCTCCACGCACTCGCCCGCAGGCCAACAGCACCCCGCCGCCACCGAAAGCAAAGCCCAATGCAGGCGCTGAGCGGCCGTCAACACAACGGCCCCACGACACACCAGCCGCTGACGCTTCCGCGAAGGTGGGCGATTCCGTCCCCGCCAAGCCACCCGTCAAGCCGTTGTACGAACACTTGGGCCTCTCGGACATGACGGCAGACCTCTCCGCAGTCAAAACGGCCTACAGGAAAGCCTCGCTGAAGAATCATCCTGATAAGAATGTCGGTAAGGAGGCTGAGGCGACTGAGCGTTTCAAAGTGATTTCAAATGCGTTCAAGATTTTGTCCGATCCAGAATTGCGCAAGAAATACGACAATGGCCTTATTGATGAGAAAGGTGACGAAGTCCAGGTCTGA | L39: GCGGCCGCAGTTACCTGGAGTAGTGTTGGCCTGCATCGAATATTGACTCGCCCGTGGAACCAGATCCTGTTGCTTGCCACCAAGACGGCAATGAGTTTCCGGGAAAGGATATGATCAACCTCACCAGCATTGCATCTTCGTTGGCGCGTGTAGCGCTCAGCGATTCGACAAAGCCAACGATAGATCGCGCGATGAACGTCGTTAGCCATATCGCTGGCAAAGTGGCGTTGCAGGTCAACAGCTCATTGCTGGAGCAGAAAGGCCGGCTCAACGAGCGTCAGCAGAAAGGCCTCGCGGTAATCCTGGACGCATTGCGCGGCAAGGAACCGGTGACCAATGTCGAGACTCACGAAGGCGGAGGCCGATTCAATCTGGCACGAACTGCCTTCGACGTAGCCAGCGTTGTCTGGGAGCGCGACAAGTCGATGCATAACGTGATGAGCTTTTTGGGCGTCAGCGACAGCCAAGGCAAGATGTTGTTCTCTCTGGGCAAGAAGCTGGCCGACGCGATGGCCAAGCCTGAGCCCGCGCAGGGCAAGGACAACTGTGAGGCGCACCACGCGTTCTTCTCCAGCAACCTGAAGCTGAACAAGCTGATGAACGACATCGCTGACCAGTTGATCAACGAGATTCGTCAGTCGAACACCGATCGCGTACGACGACCCACACCGGGCCCATCCTGGAGACCTGAAAGCGCCCAACAACAAGCACGTCCGCAAACGCCTCCACGCACTCGCCCGCAGGCCAACAGCACCCCGCCGCCACCGAAAGCAAAGCCCAATGCAGGCGCTGAGCGGCCGTCAACACAACGGCCCCACGACACACCAGCCGCTGACGCTTCCGCGAAGGTGGGCGATTCCGTCCCCGCCAAGCCACCCGTCAAGCCGTTGTACGAACACTTGGGCCTCTCGGACATGACGGCAGACCTCTCCGCAGTCAAAACGGCCTACAGGAAAGCCTCGCTGAAGAATCATCCTGATAAGAATGTCGGTAAGGAGGCTGAGGCGACTGAGCGTTTCAAAGTGATTTCAAATGCGTTCAAGATTTTGTCCGATCCAGAATTGCGCAAGAAATACGACAATGGCCTTATTGATGAGAAAGGTGACGAAGTCCAGGTCGGCGCATACCCTTACGATGTTCCTGATTACGCATGATCAAGATTCAGCCCGCCTAATGAGCGGGCTTTTTTTTGCGCGTAGCAGATGATGACAAGTCGCGGCCGC | M39: TCAAGATT | N39: =LEN(L39) -> 1223 | O39: =LEN(K39) -> 1011 | P39: MINLTSIASSLARVALSDSTKPTIDRAMNVVSHIAGKVALQVNSSLLEQKGRLNERQQKGLAVILDALRGKEPVTNVETHEGGGRFNLARTAFDVASVVWERDKSMHNVMSFLGVSDSQGKMLFSLGKKLADAMAKPEPAQGKDNCEAHHAFFSSNLKLNKLMNDIADQLINEIRQSNTDRVRRPTPGPSWRPESAQQQARPQTPPRTRPQANSTPPPPKAKPNAGAERPSTQRPHDTPAADASAKVGDSVPAKPPVKPLYEHLGLSDMTADLSAVKTAYRKASLKNHPDKNVGKEAEATERFKVISNAFKILSDPELRKKYDNGLIDEKGDEVQV* | Q39: =(O39-3)/3 -> 336 | R39: 36.65453 | S39: 1 | T39: 0 | U39: 1 | V39: 0
A40: 78 | B40: HopI1d | C40: HopI | D40: HopI1 | E40: 32 | F40: PsyICMP4917_HopI1d_1 | J40: GGAACCGGATCTCGTTGCTTGCCACCAA | K40: ATGATCAACCTCACTAACCTTGCATCTTCGTTGGCGCGAGTGGCGCTCAGCGATTCGACAAAGCCAACGATAGACCGCGCAATAAACGTCGTCAGCCATATCGCTGGCAAAGTGGCGTTGCAGGTCAACAGTTCATTGCTGGAGCAGAAAGGCCGGCTCAACGAGCGCCAGCAGAAAGGCCTCGAGGTGATTCTGGACGCATTGCTCGGCAAGGAACCGGTGACCCATGTCGAGACGCACGAAGGGGGAGGCCGATTCAATCTGGCGCGAGCTGCCTTCGACGTGGCCAGCGTTGTCTGGGAGCGCGATAAGTCGATGCGCAACGTGATGAGCTTTTTGGGCGTCAGCGACAGCCAGGGCAAGATGTTGTTCTCTCTGGGCAAGACGCTGGCCGACGCGATGGCCAGTCTCGAACCTGAGCATGGCAAGCACAACAGTGAGGCGAACTACGCATTCTTCTCCAGCAACTTGAAGCTGAACAAACTGATGAATGACATCGCTGACCAGGTGATCAACGAGATTCGTCAGCAAAGCACCGATCGCGTGCGACGACCCACACCGGGACCATCCTGGAGACCTGAAAGCACTCAACAGCAAGCACGCCCACAAACGCCTCCAAGCGCTCGCCCCCAGGCCAACAGCGCGCCACCACCGCCGAAAGCTCAGCCCAATTCAGGCGCTCAGCGGCCGTCAACAGAGCGGCCCCACAAAACACCTGCTGCTGGCGCGTCCGCGAAGGTGGACGATTCCGCCCCCGCCAAGCCACCCGTCAAGCAGTTGTACGAGCACCTGGGCCTCTCGGACATGACGGCGGACCTCTCCGCAGTCAAAAAGGCTTACAAGAAGGCCTCGCTGAAGAATCATCCTGATAAGAACGTCGGTAACGAGGCTGAGGCGACTGAGCGTTTCAAAGTGATTTCAAATGCGTTCAGGATTTTGTCCGATCCAGAATTGCGCAAGAAATACGACAATGGCCTTATTGATGAGAACGGTAACGAGTTCAAGACCTGA | L40: GCGGCCGCAGTTACCTGGAGTAGTGTTGGCACCTCTGCAGAGTTGCACATCCCGTGGAACCGGATCTCGTTGCTTGCCACCAAGGCGGTATGAGTTTCCGGAGAAGCAGATGATCAACCTCACTAACCTTGCATCTTCGTTGGCGCGAGTGGCGCTCAGCGATTCGACAAAGCCAACGATAGACCGCGCAATAAACGTCGTCAGCCATATCGCTGGCAAAGTGGCGTTGCAGGTCAACAGTTCATTGCTGGAGCAGAAAGGCCGGCTCAACGAGCGCCAGCAGAAAGGCCTCGAGGTGATTCTGGACGCATTGCTCGGCAAGGAACCGGTGACCCATGTCGAGACGCACGAAGGGGGAGGCCGATTCAATCTGGCGCGAGCTGCCTTCGACGTGGCCAGCGTTGTCTGGGAGCGCGATAAGTCGATGCGCAACGTGATGAGCTTTTTGGGCGTCAGCGACAGCCAGGGCAAGATGTTGTTCTCTCTGGGCAAGACGCTGGCCGACGCGATGGCCAGTCTCGAACCTGAGCATGGCAAGCACAACAGTGAGGCGAACTACGCATTCTTCTCCAGCAACTTGAAGCTGAACAAACTGATGAATGACATCGCTGACCAGGTGATCAACGAGATTCGTCAGCAAAGCACCGATCGCGTGCGACGACCCACACCGGGACCATCCTGGAGACCTGAAAGCACTCAACAGCAAGCACGCCCACAAACGCCTCCAAGCGCTCGCCCCCAGGCCAACAGCGCGCCACCACCGCCGAAAGCTCAGCCCAATTCAGGCGCTCAGCGGCCGTCAACAGAGCGGCCCCACAAAACACCTGCTGCTGGCGCGTCCGCGAAGGTGGACGATTCCGCCCCCGCCAAGCCACCCGTCAAGCAGTTGTACGAGCACCTGGGCCTCTCGGACATGACGGCGGACCTCTCCGCAGTCAAAAAGGCTTACAAGAAGGCCTCGCTGAAGAATCATCCTGATAAGAACGTCGGTAACGAGGCTGAGGCGACTGAGCGTTTCAAAGTGATTTCAAATGCGTTCAGGATTTTGTCCGATCCAGAATTGCGCAAGAAATACGACAATGGCCTTATTGATGAGAACGGTAACGAGTTCAAGACCGGCGCATACCCTTACGATGTTCCTGATTACGCATGAGGGAGTTACAGCCCGCCTAATGAGCGGGCTTTTTTTTGCGCGTAGCAGATGATGACAAGTCGCGGCCGC | M40: GGGAGTTA | N40: =LEN(L40) -> 1222 | O40: =LEN(K40) -> 1011 | P40: MINLTNLASSLARVALSDSTKPTIDRAINVVSHIAGKVALQVNSSLLEQKGRLNERQQKGLEVILDALLGKEPVTHVETHEGGGRFNLARAAFDVASVVWERDKSMRNVMSFLGVSDSQGKMLFSLGKTLADAMASLEPEHGKHNSEANYAFFSSNLKLNKLMNDIADQVINEIRQQSTDRVRRPTPGPSWRPESTQQQARPQTPPSARPQANSAPPPPKAQPNSGAQRPSTERPHKTPAAGASAKVDDSAPAKPPVKQLYEHLGLSDMTADLSAVKKAYKKASLKNHPDKNVGNEAEATERFKVISNAFRILSDPELRKKYDNGLIDENGNEFKT* | Q40: =(O40-3)/3 -> 336 | R40: 36.69537 | S40: 1 | T40: 0 | U40: 1 | V40: 0
A41: 80 | B41: HopI1a | C41: HopI | D41: HopI1 | E41: 82 | F41: PgyB076_HopI1a_1 | J41: GGAACTAGATCCCGTTGCTTGCCACCAA | K41: ATGATCAACCTCACCAGCATTGCATCCTCGTTGGCGCGTGTGGCGCTCAGCGATTCGACAAAGCCAACGATAGACCGCGCGCTGAACGTCGTTAGCCATATCGCTGGCAAAGTGGCGTTGCAGGTCAACAGCTCATTGCTGGAGCAGAAAGGCCGGCTCAACGAGCGCCAGCAGAAAGGCCTCGCGGTAATCCTGGACGCGTTGCGCGGCAAGGAGCCGGTGACCAATGTCGAGACCCATGAAGGCGGAGGCCGATTCAACCTGGCACGAGCTGCCTTCGACGTAGCCAGCGTTGTCTGGGAGCGCGACAAGTCGATGCATAACGTGATGAGCTTTTTGGGCGTCAGCGACAGCCAGGGCAAGATGTTGTTCTCTCTGGGCAAGAAGCTGGCCGACGCGATGGCCAAGCCCGAACCTGGGTATGGCAAGCACAACAGTGAGGCGAACTATGCGTTCTTCTCCAGCAACCTGAAGCTGAACAAACTGATGAACGACATCGCTGATCAACTGATCAACGAGATTCGTCAGTCGAACACCGATCGCGTACGACGACCCACACCGGGCCCATCCTGGAGACCTGAAAGCGCCCAACAACAAGCACGTCCGCAAACGCCTCCACGCACTCGCCCGCAGGCCAACAGCACACCGCCGCCACCGAAAGCAAAGCCCAATGCAGGCGCTAAGCGGCCGTCAACGCAACGGCCCCACAACACACCAGCCGCTGACGCTTCCTCGAAGGTGGGCGATTCCGGCCCCGCCAAGCCACCCGTCAAGCCGTTGTACGAGCACCTGGGACTCTCGGACATGACGGCAGACCTCTCCGCAGTCAAAACGGCCTACAAGAAAGCCGCGTTGAAGAACCATCCTGATAAAAACGCGGGCAACGTGGCGGAGGCGACTGAGCGTTTCAAAGTGATTTCAAATGCGTTCAAGATTTTGTCCGACCCAGAATTGCGCAAGAAATACGACAATGGCCTTATTAATGAGAAGGGCGACGAGGTCCAGGTCTGA | L41: GCGGCCGCAGTTACCTGGAGTAGTGTTGGCGCCTGTGCAGAGTTGGACATCCCGTGGAACTAGATCCCGTTGCTTGCCACCAAGGCGGTATGAGTTCCCGGAGAAGGATATGATCAACCTCACCAGCATTGCATCCTCGTTGGCGCGTGTGGCGCTCAGCGATTCGACAAAGCCAACGATAGACCGCGCGCTGAACGTCGTTAGCCATATCGCTGGCAAAGTGGCGTTGCAGGTCAACAGCTCATTGCTGGAGCAGAAAGGCCGGCTCAACGAGCGCCAGCAGAAAGGCCTCGCGGTAATCCTGGACGCGTTGCGCGGCAAGGAGCCGGTGACCAATGTCGAGACCCATGAAGGCGGAGGCCGATTCAACCTGGCACGAGCTGCCTTCGACGTAGCCAGCGTTGTCTGGGAGCGCGACAAGTCGATGCATAACGTGATGAGCTTTTTGGGCGTCAGCGACAGCCAGGGCAAGATGTTGTTCTCTCTGGGCAAGAAGCTGGCCGACGCGATGGCCAAGCCCGAACCTGGGTATGGCAAGCACAACAGTGAGGCGAACTATGCGTTCTTCTCCAGCAACCTGAAGCTGAACAAACTGATGAACGACATCGCTGATCAACTGATCAACGAGATTCGTCAGTCGAACACCGATCGCGTACGACGACCCACACCGGGCCCATCCTGGAGACCTGAAAGCGCCCAACAACAAGCACGTCCGCAAACGCCTCCACGCACTCGCCCGCAGGCCAACAGCACACCGCCGCCACCGAAAGCAAAGCCCAATGCAGGCGCTAAGCGGCCGTCAACGCAACGGCCCCACAACACACCAGCCGCTGACGCTTCCTCGAAGGTGGGCGATTCCGGCCCCGCCAAGCCACCCGTCAAGCCGTTGTACGAGCACCTGGGACTCTCGGACATGACGGCAGACCTCTCCGCAGTCAAAACGGCCTACAAGAAAGCCGCGTTGAAGAACCATCCTGATAAAAACGCGGGCAACGTGGCGGAGGCGACTGAGCGTTTCAAAGTGATTTCAAATGCGTTCAAGATTTTGTCCGACCCAGAATTGCGCAAGAAATACGACAATGGCCTTATTAATGAGAAGGGCGACGAGGTCCAGGTCGGCGCATACCCTTACGATGTTCCTGATTACGCATGACACATCCTCAGCCCGCCTAATGAGCGGGCTTTTTTTTGCGCGTAGCAGATGATGACAAGTCGCGGCCGC | M41: CACATCCT | N41: =LEN(L41) -> 1222 | O41: =LEN(K41) -> 1011 | P41: MINLTSIASSLARVALSDSTKPTIDRALNVVSHIAGKVALQVNSSLLEQKGRLNERQQKGLAVILDALRGKEPVTNVETHEGGGRFNLARAAFDVASVVWERDKSMHNVMSFLGVSDSQGKMLFSLGKKLADAMAKPEPGYGKHNSEANYAFFSSNLKLNKLMNDIADQLINEIRQSNTDRVRRPTPGPSWRPESAQQQARPQTPPRTRPQANSTPPPPKAKPNAGAKRPSTQRPHNTPAADASSKVGDSGPAKPPVKPLYEHLGLSDMTADLSAVKTAYKKAALKNHPDKNAGNVAEATERFKVISNAFKILSDPELRKKYDNGLINEKGDEVQV* | Q41: =(O41-3)/3 -> 336 | R41: 36.49136 | S41: 1 | T41: 0 | U41: 1 | V41: 0
A42: 81 | B42: HopI1b | C42: HopI | D42: HopI1 | E42: 82 | F42: Pae0893_23_HopI1b_1 | J42: GGAACCAGATCCCGTTGCTTGCCACCAA | K42: ATGATCAACCTCACCAGCATTGCATCTTCGTTGGCGCGTGTAGCGCTCAGCGATTCGACAAAGCCAACGATAGATCGCGCGATGAACGTCGTTAGCCATATCGCTGGCAAAGTGGCGTTGCAGGTCAACAGCTCATTGCTGGAGCAGAAAGGCCGGCTCAACGAGCGTCAGCAGAAAGGCCTCGCGGTAATCCTGGACGCATTGCGCGGCAAGGAACCAGTGACCAATGTCGAGACCCATGAAGGCGGAGGCCGATTCAACCTAGCACGAGCTGCCTTCGACGTAGCCAGCGTTGTCTGGGAGCGCGACAAGTCGATGCATAACGTGATGAGCTTTTTGGGCGTCAGCGACAGCCAGGGCAAGATGTTGTTCTCTCTGGGCAAGAAGCTGGCCGACGCGATGGCCAAGCCTGAGCCCGCGCAGGGCAAGGACAACTGTGAGGCGCACCACGCGTTCTTCTCCAGCAACCTGAAGCTGAACAAGCTGATGAACGACATCGCTGACCAGTTGATCAACGAGATTCGTCAGTCGAACACCGATCGCGTACGACGACCCACACCGGGCCCATCCTGGAGACCTGAAAGCGCCCAACAACAAGCACGTCCGCAAACGCCTCCACGCACTCGCCCGCAGGCCAACAGCACCCCGCCGCCACCGAAAGCAAAGCCCAATGCAGGCGCTGAGCGGCCGTCAACACAACGGCCCCACAACACACCAGCCGCTGACGCTTCCGCGAAGGTGGGCGATTCCGTCCCCGCCAAGTCACCCGTCAAGCCGTTGTACGAGCACCTGGGACTCTCGGACATGACGGCAGACCTCTCCGCAGTCAAAACGGCCTACAGGAAAGCCTCGCTGAAGAATCATCCTGATAAGAATGTCGGTAAGGAGGCTGAGGCGACTGAGCGTTTCAAAGTGATTTCAAATGCGTTCAAGATTTTGTCCGATCCAGAATTGCGCAAGAAATACGACAATGGCCTTATTGATGAGAAAGGTGACGAAGTCCAGGTCTGA | L42: GCGGCCGCAGTTACCTGGAGTAGTGTTGGCGCCTGTGCAGAGTTGGACATCCCGTGGAACCAGATCCCGTTGCTTGCCACCAAGACGACAATGAGTTTCCGGGAAAGGATATGATCAACCTCACCAGCATTGCATCTTCGTTGGCGCGTGTAGCGCTCAGCGATTCGACAAAGCCAACGATAGATCGCGCGATGAACGTCGTTAGCCATATCGCTGGCAAAGTGGCGTTGCAGGTCAACAGCTCATTGCTGGAGCAGAAAGGCCGGCTCAACGAGCGTCAGCAGAAAGGCCTCGCGGTAATCCTGGACGCATTGCGCGGCAAGGAACCAGTGACCAATGTCGAGACCCATGAAGGCGGAGGCCGATTCAACCTAGCACGAGCTGCCTTCGACGTAGCCAGCGTTGTCTGGGAGCGCGACAAGTCGATGCATAACGTGATGAGCTTTTTGGGCGTCAGCGACAGCCAGGGCAAGATGTTGTTCTCTCTGGGCAAGAAGCTGGCCGACGCGATGGCCAAGCCTGAGCCCGCGCAGGGCAAGGACAACTGTGAGGCGCACCACGCGTTCTTCTCCAGCAACCTGAAGCTGAACAAGCTGATGAACGACATCGCTGACCAGTTGATCAACGAGATTCGTCAGTCGAACACCGATCGCGTACGACGACCCACACCGGGCCCATCCTGGAGACCTGAAAGCGCCCAACAACAAGCACGTCCGCAAACGCCTCCACGCACTCGCCCGCAGGCCAACAGCACCCCGCCGCCACCGAAAGCAAAGCCCAATGCAGGCGCTGAGCGGCCGTCAACACAACGGCCCCACAACACACCAGCCGCTGACGCTTCCGCGAAGGTGGGCGATTCCGTCCCCGCCAAGTCACCCGTCAAGCCGTTGTACGAGCACCTGGGACTCTCGGACATGACGGCAGACCTCTCCGCAGTCAAAACGGCCTACAGGAAAGCCTCGCTGAAGAATCATCCTGATAAGAATGTCGGTAAGGAGGCTGAGGCGACTGAGCGTTTCAAAGTGATTTCAAATGCGTTCAAGATTTTGTCCGATCCAGAATTGCGCAAGAAATACGACAATGGCCTTATTGATGAGAAAGGTGACGAAGTCCAGGTCGGCGCATACCCTTACGATGTTCCTGATTACGCATGAAAAATCAACAGCCCGCCTAATGAGCGGGCTTTTTTTTGCGCGTAGCAGATGATGACAAGTCGCGGCCGC | M42: AAAATCAA | N42: =LEN(L42) -> 1223 | O42: =LEN(K42) -> 1011 | P42: MINLTSIASSLARVALSDSTKPTIDRAMNVVSHIAGKVALQVNSSLLEQKGRLNERQQKGLAVILDALRGKEPVTNVETHEGGGRFNLARAAFDVASVVWERDKSMHNVMSFLGVSDSQGKMLFSLGKKLADAMAKPEPAQGKDNCEAHHAFFSSNLKLNKLMNDIADQLINEIRQSNTDRVRRPTPGPSWRPESAQQQARPQTPPRTRPQANSTPPPPKAKPNAGAERPSTQRPHNTPAADASAKVGDSVPAKSPVKPLYEHLGLSDMTADLSAVKTAYRKASLKNHPDKNVGKEAEATERFKVISNAFKILSDPELRKKYDNGLIDEKGDEVQV* | Q42: =(O42-3)/3 -> 336 | R42: 36.61348 | S42: 1 | T42: 0 | U42: 1 | V42: 0
A43: 82 | B43: HopI1j | C43: HopI | D43: HopI1 | E43: 11 | F43: PseHC_1_HopI1j_1 | J43: GGAACCAGATCCCGTTGCTTGCCACCAA | K43: ATGATCAACCTCACCAGCATTGCATCTTCGTTGGCGCGTGTAGCGCTCAGCGATTCGACAAGGCCAACGATAGACCGCGCGATGAACGTCGTTAGCCATATCGCTGGCAAAGTGGCGTTGCAGGTCAACAGCTCATTGCTGGAGCAGAAAGGCCGGCTTAACGAGCGTCAGCAGAAAGGCCTCGCGGTAATCCTGGACGCATTGCGCGGCAAGGAACCGGTGACCAATGTCGAGACTCACGAAGGCGGAGGCCGATTCAATCTGGCACGAGCTGCCTTCGACGTGGCCAGCGTTGTCTGGGAGCGCGACAAGTCGATGCATAACGTGATGAGCTTTTTGGGCGTCAGCGACGGCCAGGGCAAGATGTTGTTCTCTCTGGGCAAGAAGCTGACCGACGCGATGGCCAAGCTTGAACCCGCGCAGGGCAAGGATAACTTTGAGGCGCACCACGCGTTCTTCTCCAGCAACCTGAAGCTGAACAAGCTGATGAACGACATCGCTGACCAGTTGATCAACGAGATTCGTCAGTCGAACACCGATCGCGTACGACGACCCACACCGGGCCCATCCTGGAGACCTGAAAGCGCCCAACAGCAAGCACATCCGCAAACGCCTCCACGCACTCGCCCGCAGGCCAACAGTACACCGCCACCACCGAAAGCAAAGCCCAATGCAGGTGCTGAGCGGCCGTCAACGCAACGGCCCCACAACACACCAGCCGCTGACGCTTCCTCAAAGGTGGGCGATTCCGGCCCCGCCAAGCCACCCGTCAAGCTGTTGTACGAGCACCTGGGACTCTCGGACATGACGGCAGACCTCTCCGCAGTCAAAATGGCCTACAAGAAAGCCGCGTTGAAGAACCATCCTGATAAAAACGCGGGCAACGTGGAGGAGGCGACTGAGCGTTTCAAAGTGATTTCAAATGCGTTCAAGATTTTGTCCGACCCAGAATTGCGCAAGAAATACGACAATGGCCTTATTAATGAGAATGGCGACGAGGTCCAGGTCTGA | L43: GCGGCCGCAGTTACCTGGAGTAGTGTTGGCTTGCATCGAATATTGACTCGCCCGTGGAACCAGATCCCGTTGCTTGCCACCAAGACGACAATGAGTTTCCGGGGACGGATATGATCAACCTCACCAGCATTGCATCTTCGTTGGCGCGTGTAGCGCTCAGCGATTCGACAAGGCCAACGATAGACCGCGCGATGAACGTCGTTAGCCATATCGCTGGCAAAGTGGCGTTGCAGGTCAACAGCTCATTGCTGGAGCAGAAAGGCCGGCTTAACGAGCGTCAGCAGAAAGGCCTCGCGGTAATCCTGGACGCATTGCGCGGCAAGGAACCGGTGACCAATGTCGAGACTCACGAAGGCGGAGGCCGATTCAATCTGGCACGAGCTGCCTTCGACGTGGCCAGCGTTGTCTGGGAGCGCGACAAGTCGATGCATAACGTGATGAGCTTTTTGGGCGTCAGCGACGGCCAGGGCAAGATGTTGTTCTCTCTGGGCAAGAAGCTGACCGACGCGATGGCCAAGCTTGAACCCGCGCAGGGCAAGGATAACTTTGAGGCGCACCACGCGTTCTTCTCCAGCAACCTGAAGCTGAACAAGCTGATGAACGACATCGCTGACCAGTTGATCAACGAGATTCGTCAGTCGAACACCGATCGCGTACGACGACCCACACCGGGCCCATCCTGGAGACCTGAAAGCGCCCAACAGCAAGCACATCCGCAAACGCCTCCACGCACTCGCCCGCAGGCCAACAGTACACCGCCACCACCGAAAGCAAAGCCCAATGCAGGTGCTGAGCGGCCGTCAACGCAACGGCCCCACAACACACCAGCCGCTGACGCTTCCTCAAAGGTGGGCGATTCCGGCCCCGCCAAGCCACCCGTCAAGCTGTTGTACGAGCACCTGGGACTCTCGGACATGACGGCAGACCTCTCCGCAGTCAAAATGGCCTACAAGAAAGCCGCGTTGAAGAACCATCCTGATAAAAACGCGGGCAACGTGGAGGAGGCGACTGAGCGTTTCAAAGTGATTTCAAATGCGTTCAAGATTTTGTCCGACCCAGAATTGCGCAAGAAATACGACAATGGCCTTATTAATGAGAATGGCGACGAGGTCCAGGTCGGCGCATACCCTTACGATGTTCCTGATTACGCATGATGGCGCCGCAGCCCGCCTAATGAGCGGGCTTTTTTTTGCGCGTAGCAGATGATGACAAGTCGCGGCCGC | M43: TGGCGCCG | N43: =LEN(L43) -> 1223 | O43: =LEN(K43) -> 1011 | P43: MINLTSIASSLARVALSDSTRPTIDRAMNVVSHIAGKVALQVNSSLLEQKGRLNERQQKGLAVILDALRGKEPVTNVETHEGGGRFNLARAAFDVASVVWERDKSMHNVMSFLGVSDGQGKMLFSLGKKLTDAMAKLEPAQGKDNFEAHHAFFSSNLKLNKLMNDIADQLINEIRQSNTDRVRRPTPGPSWRPESAQQQAHPQTPPRTRPQANSTPPPPKAKPNAGAERPSTQRPHNTPAADASSKVGDSGPAKPPVKLLYEHLGLSDMTADLSAVKMAYKKAALKNHPDKNAGNVEEATERFKVISNAFKILSDPELRKKYDNGLINENGDEVQV* | Q43: =(O43-3)/3 -> 336 | R43: 36.63947 | S43: 1 | T43: 0 | U43: 1 | V43: 0
A44: 84 | B44: HopI1f | C44: HopI | D44: HopI1 | E44: 26 | F44: PsB48_HopI1f_1 | J44: GGAACCGGATCTCGTTGCTTGCCACCAA | K44: ATGATCAACCTCACCAACCTTGCATCTTCGTTGGCGCGAGTGGCGCTCAGCGATTCGACAAAGCCAACGATAGACCGCGCGATGAACGTCGTCAGCCATATCGCTGGCAAAGTGGCGTTGCAGGTCAACAGCTCATTGCTGGAGCAGAAAGGCCGGCTCAACGAGCGCCAGCAGAAAGGCCTCGAGGTGATCCTCGACGCATTGCTCGGCAAGGAACCGGTGACCCATGTCGAGACGCACGAAGGGGGAGGCCGATTCAATCTGGCGCGAGCTGCCTTCGACGTGGCCAGCGTTGTCTGGGAGCGCGACCAGTCGATGCGCAACGTGATGAGCTTTTTGGGCATCAATGATAGCAAGGGCAACCTGCTGTTCTCTCTGGGCAAGACGCTGGCCGACGCGATGGCCAGGCCCGAACCCGAGAATGGCAAGCACAACAGTGAGGCGAACTACGCATTCTTCTCCAGCAACTTGAAGCTGAACAAACTGATGAATGACATCGCTGACCAGGTGATCAACGAGATTCGTCAGCAGAACACCGATCGCGTGCGACGACCCACACCGGGCCCATCCTGGAGACCTGAAAGTACTCAACAGCAAGCACGCCCACAAACGCCTCCAAGCGCTCGCCCCCAGGCCAATAGCGCGCCGCCACCGCCGAAAGCCCAGCCCGATGCGGGCGCTCAGCGGCCGTCAACAGAGCGGCCCCCCAAAACAACCCCCACTGGCGCGTCCGCGAAGGTGGACGATTCCGCCCCCGCCAAACCACCCGTGAAACAGTTGTACGAGCACTTGGGCCTCTCGGACATGACGGCGGACCTCTCCGCAGTCAAAAAGGCTTACAAGAAGGCCGCGTTGAAGTACCACCCTGATAAAAACGCGGGCAACGTGGCCGAGGCGAATGAGCGTTTCAAAAAAATTTCAAATGCGTTCAGGATTTTGTCCGATCCAGAATTGCGTACGAAATACGACAATGGCGTTATTGATGAGAACGGTAACGAGTTCAAGACCTGA | L44: GCGGCCGCAGTTACCTGGAGTAGTGTTGGCACCTGTGCAGAGTTGCACATCCCGTGGAACCGGATCTCGTTGCTTGCCACCAAGGCGGTATGAGTTTCCGGAGAAGCAGATGATCAACCTCACCAACCTTGCATCTTCGTTGGCGCGAGTGGCGCTCAGCGATTCGACAAAGCCAACGATAGACCGCGCGATGAACGTCGTCAGCCATATCGCTGGCAAAGTGGCGTTGCAGGTCAACAGCTCATTGCTGGAGCAGAAAGGCCGGCTCAACGAGCGCCAGCAGAAAGGCCTCGAGGTGATCCTCGACGCATTGCTCGGCAAGGAACCGGTGACCCATGTCGAGACGCACGAAGGGGGAGGCCGATTCAATCTGGCGCGAGCTGCCTTCGACGTGGCCAGCGTTGTCTGGGAGCGCGACCAGTCGATGCGCAACGTGATGAGCTTTTTGGGCATCAATGATAGCAAGGGCAACCTGCTGTTCTCTCTGGGCAAGACGCTGGCCGACGCGATGGCCAGGCCCGAACCCGAGAATGGCAAGCACAACAGTGAGGCGAACTACGCATTCTTCTCCAGCAACTTGAAGCTGAACAAACTGATGAATGACATCGCTGACCAGGTGATCAACGAGATTCGTCAGCAGAACACCGATCGCGTGCGACGACCCACACCGGGCCCATCCTGGAGACCTGAAAGTACTCAACAGCAAGCACGCCCACAAACGCCTCCAAGCGCTCGCCCCCAGGCCAATAGCGCGCCGCCACCGCCGAAAGCCCAGCCCGATGCGGGCGCTCAGCGGCCGTCAACAGAGCGGCCCCCCAAAACAACCCCCACTGGCGCGTCCGCGAAGGTGGACGATTCCGCCCCCGCCAAACCACCCGTGAAACAGTTGTACGAGCACTTGGGCCTCTCGGACATGACGGCGGACCTCTCCGCAGTCAAAAAGGCTTACAAGAAGGCCGCGTTGAAGTACCACCCTGATAAAAACGCGGGCAACGTGGCCGAGGCGAATGAGCGTTTCAAAAAAATTTCAAATGCGTTCAGGATTTTGTCCGATCCAGAATTGCGTACGAAATACGACAATGGCGTTATTGATGAGAACGGTAACGAGTTCAAGACCGGCGCATACCCTTACGATGTTCCTGATTACGCATGAGAAATGCCCAGCCCGCCTAATGAGCGGGCTTTTTTTTGCGCGTAGCAGATGATGACAAGTCGCGGCCGC | M44: GAAATGCC | N44: =LEN(L44) -> 1222 | O44: =LEN(K44) -> 1011 | P44: MINLTNLASSLARVALSDSTKPTIDRAMNVVSHIAGKVALQVNSSLLEQKGRLNERQQKGLEVILDALLGKEPVTHVETHEGGGRFNLARAAFDVASVVWERDQSMRNVMSFLGINDSKGNLLFSLGKTLADAMARPEPENGKHNSEANYAFFSSNLKLNKLMNDIADQVINEIRQQNTDRVRRPTPGPSWRPESTQQQARPQTPPSARPQANSAPPPPKAQPDAGAQRPSTERPPKTTPTGASAKVDDSAPAKPPVKQLYEHLGLSDMTADLSAVKKAYKKAALKYHPDKNAGNVAEANERFKKISNAFRILSDPELRTKYDNGVIDENGNEFKT* | Q44: =(O44-3)/3 -> 336 | R44: 36.7604 | S44: 1 | T44: 0 | U44: 1 | V44: 0
A45: 85 | B45: HopI1h | C45: HopI | D45: HopI1 | E45: 14 | F45: Pcn3113_HopI1h_1 | J45: GGAACGACGCTGCACCGTCGAGCAACGAA | K45: ATGATCAACCTCACCCACATTGCGTCTTCATTGGCGCGGGCAGCGCTCAGCGATTCGACAAAGCCGAAAATGGAGCGCGCGATAAACGTCGCGAGCCACATCGCTGGCAAAGTCGCGCTGCAGATCACCAGCTCATTACTGGAGCAGAAAGGTCTGCTTAACGAGCGTCAGCAGAAAGGGCTCTCGATGATTCTCAAGGCCTTGAGCGGCAAGGAGCCGTTGAACAATGTCGAGACGCACGAAGGGGGAGGCCTATTCAATCTGGCGCGAGCCGCCTTCGACGTGGCCAGCGTTGTCTGGGAGCGCGACAAGTCGATGCATAACGTGATGAGCTTTCTGGGCGTCAGCGACAGCAAGGGCAAGATGTTGTTCTCTCTGGGCAAGAAGCTGGCGGATGCAATGGCCAAGTCTGAGCCTGGCAAGGACAACAGTGAAGCCACTAATGCGCGCCTTGCCTATTTCTCCAGCAACTTGAAACTGAACAAGTTGATGAGCGACCTCACTGACCAGGTTTTCAACAAGATTCGCCAGTCGAACGGTGCTCGCGTGCGACGATCCACACCCGGCCCATCCTGGAGACCTGACGGCGCTCAGCAGCAAGCGCGTCCTGGCACTCGCCCACAAGCCTGCAGTGCGCCGCCGCCCAAAGCAGAGCCACGACCTGCGTCGGGCCGACCTGACGGCCACCAAAAGCAGGCACGCCCGGAAACACCGCCTCGTGCTCGATCGCGGGCCAATAGCACTCGGCCACCGCTGCCGAAAGCAGAACCCAGTGCAGGCGGCGAACGGCCTTCAACGGCGCGGCCTAATAACACATCGGCTGCTGACGCATCTGCCAGGGTGGGCGATTCCGCGCCTGCCAAGCCGCCCGTCAAGCCGTTGTACGAGCACCTTGGCCTCACTGACATGTCGGTAGATGTATCCGCCGTTAAAAAGGCTTACAGAGATGCCGCGCTGAAGAACCACCCTGATAAAAACCGCTGCAACGAGGCCGAAGCGGCCTAG | L45: GCGGCCGCAGTTACCTGGAGTAGTGTTGGCGCGTAATGCACCGCGAGCAGGTTGAGGAACGACGCTGCACCGTCGAGCAACGAATCGGTCAGACCGGCCAGCAGGCTTACATGATCAACCTCACCCACATTGCGTCTTCATTGGCGCGGGCAGCGCTCAGCGATTCGACAAAGCCGAAAATGGAGCGCGCGATAAACGTCGCGAGCCACATCGCTGGCAAAGTCGCGCTGCAGATCACCAGCTCATTACTGGAGCAGAAAGGTCTGCTTAACGAGCGTCAGCAGAAAGGGCTCTCGATGATTCTCAAGGCCTTGAGCGGCAAGGAGCCGTTGAACAATGTCGAGACGCACGAAGGGGGAGGCCTATTCAATCTGGCGCGAGCCGCCTTCGACGTGGCCAGCGTTGTCTGGGAGCGCGACAAGTCGATGCATAACGTGATGAGCTTTCTGGGCGTCAGCGACAGCAAGGGCAAGATGTTGTTCTCTCTGGGCAAGAAGCTGGCGGATGCAATGGCCAAGTCTGAGCCTGGCAAGGACAACAGTGAAGCCACTAATGCGCGCCTTGCCTATTTCTCCAGCAACTTGAAACTGAACAAGTTGATGAGCGACCTCACTGACCAGGTTTTCAACAAGATTCGCCAGTCGAACGGTGCTCGCGTGCGACGATCCACACCCGGCCCATCCTGGAGACCTGACGGCGCTCAGCAGCAAGCGCGTCCTGGCACTCGCCCACAAGCCTGCAGTGCGCCGCCGCCCAAAGCAGAGCCACGACCTGCGTCGGGCCGACCTGACGGCCACCAAAAGCAGGCACGCCCGGAAACACCGCCTCGTGCTCGATCGCGGGCCAATAGCACTCGGCCACCGCTGCCGAAAGCAGAACCCAGTGCAGGCGGCGAACGGCCTTCAACGGCGCGGCCTAATAACACATCGGCTGCTGACGCATCTGCCAGGGTGGGCGATTCCGCGCCTGCCAAGCCGCCCGTCAAGCCGTTGTACGAGCACCTTGGCCTCACTGACATGTCGGTAGATGTATCCGCCGTTAAAAAGGCTTACAGAGATGCCGCGCTGAAGAACCACCCTGATAAAAACCGCTGCAACGAGGCCGAAGCGGCCGGCGCATACCCTTACGATGTTCCTGATTACGCATAGCCCCGCCACAGCCCGCCTAATGAGCGGGCTTTTTTTTGCGCGTAGCAGATGATGACAAGTCGCGGCCGC | M45: CCCCGCCA | N45: =LEN(L45) -> 1217 | O45: =LEN(K45) -> 1005 | P45: MINLTHIASSLARAALSDSTKPKMERAINVASHIAGKVALQITSSLLEQKGLLNERQQKGLSMILKALSGKEPLNNVETHEGGGLFNLARAAFDVASVVWERDKSMHNVMSFLGVSDSKGKMLFSLGKKLADAMAKSEPGKDNSEATNARLAYFSSNLKLNKLMSDLTDQVFNKIRQSNGARVRRSTPGPSWRPDGAQQQARPGTRPQACSAPPPKAEPRPASGRPDGHQKQARPETPPRARSRANSTRPPLPKAEPSAGGERPSTARPNNTSAADASARVGDSAPAKPPVKPLYEHLGLTDMSVDVSAVKKAYRDAALKNHPDKNRCNEAEAA* | Q45: =(O45-3)/3 -> 334 | R45: 35.79854 | S45: 1 | T45: 0 | U45: 0 | V45: 0
... A69: 122 | B69: AvrPto1b | C69: AvrPto | D69: AvrPto1 | E69: 34 | F69: Psa302091_AvrPto1b_1 | J69: GGAACCAGTCGGGTCCCCGCGACCACTTA | K69: ATGGGAAACGTATGCGTTGGTGGGGCCAGCATGGCTCGGCAGGTCAATTCTCCAGATCGGGTTGGTCAGGGGTCAGAGGTCGATAACGAAGTCACGCCTGCTCAGTTGCTCAGTGCAAAAGATGCTCTGGATAATGCGGCTGGCCTCACTCGGCCTCAGTTGCATTTTATAAACAATGATGCTCCCCAGACACTTAGAGAGCATTACAATCGGCTTCACCGGGTCACCGACGCACTGCTGCAAACAGCTGCTGCGCATCATCGATACCTGACCAGCGATACCGGTTTTAACACCGGTGATACTTCTGAAAACATTGTCCAGCAGATCAGCACCAAGCTGACTGATTGGAGCGATATGCGTGAAGCACTTGATGAAGCCATGCGTGCCCAATCCGGCATTCCGCAAGAGTTCAGGCCCGCTGTCGATGCTCGCGGAAACGTTTTGGGAATGGCAAGATTCGCTCCCCGCAACGGCTAG | L69: GCGGCCGCAGTTACCTGGAGTAGTGTTGGCCCGGTGCAATTTTCGTGACAGGAATGGAACCAGTCGGGTCCCCGCGACCACTTAAACGATGCGAATTATTTCACCCTGAGAGGACTTATTTAAATGGGAAACGTATGCGTTGGTGGGGCCAGCATGGCTCGGCAGGTCAATTCTCCAGATCGGGTTGGTCAGGGGTCAGAGGTCGATAACGAAGTCACGCCTGCTCAGTTGCTCAGTGCAAAAGATGCTCTGGATAATGCGGCTGGCCTCACTCGGCCTCAGTTGCATTTTATAAACAATGATGCTCCCCAGACACTTAGAGAGCATTACAATCGGCTTCACCGGGTCACCGACGCACTGCTGCAAACAGCTGCTGCGCATCATCGATACCTGACCAGCGATACCGGTTTTAACACCGGTGATACTTCTGAAAACATTGTCCAGCAGATCAGCACCAAGCTGACTGATTGGAGCGATATGCGTGAAGCACTTGATGAAGCCATGCGTGCCCAATCCGGCATTCCGCAAGAGTTCAGGCCCGCTGTCGATGCTCGCGGAAACGTTTTGGGAATGGCAAGATTCGCTCCCCGCAACGGCGGCGCATACCCTTACGATGTTCCTGATTACGCATAGATTTATATCAGCCCGCCTAATGAGCGGGCTTTTTTTTGCGCGTAGCAGATGATGACAAGTCGCGGCCGC | M69: ATTTATAT | N69: =LEN(L69) -> 702 | O69: =LEN(K69) -> 477 | P69: MGNVCVGGASMARQVNSPDRVGQGSEVDNEVTPAQLLSAKDALDNAAGLTRPQLHFINNDAPQTLREHYNRLHRVTDALLQTAAAHHRYLTSDTGFNTGDTSENIVQQISTKLTDWSDMREALDEAMRAQSGIPQEFRPAVDARGNVLGMARFAPRNG* | Q69: =(O69-3)/3 -> 158 | R69: 17.19803 | S69: 1 | T69: 0 | U69: 1 | V69: 0
A70: 124 | B70: HopZ1m | C70: HopZ | D70: HopZ1 | E70: 2 | F70: PsyCC457_HopZ1m_1 | J70: GGAACCCTTCAATGATGATGCGCCACACA | K70: ATGGGAAATGTATGCGTCGGCGGATCTCGAATGTCGCACCAGGTCTATTCGCCTGACCGTGCGGACACACCTCCTCGAAGCGAGCGCAACACTCCGGATCGCAGGCAGAGAGCGGCAGGCGACGCAGAGAGAACTCAAAGCATGCGACTGCAGCAGAAAATAAACGATTTGAAACCTTACGTGCGGCACGCACGAGGTCCAATTAAAGCTTATGGGCAAGCAGCCCTTGACCGTGCATCAGGAAAGAAGACAAGTGTGAGTTTTGCAGAGTTGGACGCCACCCATCTCGACGCAATGGTCGACATCGAGAACCAACGAAATCCCGGCCTCAACCTCAGGCACTTCAGAGACCACAAAGAGCTCATTCAGGCATTCCAAAGCGGTGGCCCCAACTCGTTTCGGGCAATATTTCCACAAACCAGCCCGTTAACAGGACAGACAGTCAAGCATCACGTCATGGCTGATGTACGCCTGCACCAAGGTGGCGCTCCAACCATAATAATTACAGAGCCAGCCGTTATTGTCGGTGACCGCTATCAACAACTTCAACGGCACAATCTGACCCTAGAAGATTTAAGCGAGAGCGGAGTACCCCTCTCGCAGGTCGCCATTATCGAGACACAGGCGCAAAAAACGAACGACGATTGCGTTATGTACTCACTGAATTACGCGATCAAAGCCCATAAAAATGCAGCTCAATTTGACGACATTCATCATGGTCTTCAGCACGGCACTTTGTCGACCGAATCCGAGTCCAGGGCGCAGACTACTCTTGGCGCCCTTGAAGCAAACCTCACATATTCAGTGATGCACGCTCATGCAGCATTTGGCGCTGACGTTCTGCCGGTGGATTTTTATAAGCATGGCGCTTCGTTAACGCAGGCAAAACAGCTGATGAAGCGGCCAGACGGACGTATGGCTGGAAGAGTCAACAGCGAAGGTCACAGTGAGGCTGAAAACCTAGTTCAACGCAACCAGGCATTCCGCGTGAAGCGCAGGGAGCTACTCGACGATGAGGCGCCGTCGAATACCCAGTTCAGCGCGTCCATCGACGGCTTTAGACTACAGGAAATCAAACGAGTACTTGCCGAAGAACAGCGCTAA | L70: GCGGCCGCAGTTACCTGGAGTAGTGTTGGCGCTTCCTTAAGGTTTTTTTCACAATGGAACCCTTCAATGATGATGCGCCACACATTGCTTAGAAACGTTTTACCTTTATGAGGAGTTCAAGATGGGAAATGTATGCGTCGGCGGATCTCGAATGTCGCACCAGGTCTATTCGCCTGACCGTGCGGACACACCTCCTCGAAGCGAGCGCAACACTCCGGATCGCAGGCAGAGAGCGGCAGGCGACGCAGAGAGAACTCAAAGCATGCGACTGCAGCAGAAAATAAACGATTTGAAACCTTACGTGCGGCACGCACGAGGTCCAATTAAAGCTTATGGGCAAGCAGCCCTTGACCGTGCATCAGGAAAGAAGACAAGTGTGAGTTTTGCAGAGTTGGACGCCACCCATCTCGACGCAATGGTCGACATCGAGAACCAACGAAATCCCGGCCTCAACCTCAGGCACTTCAGAGACCACAAAGAGCTCATTCAGGCATTCCAAAGCGGTGGCCCCAACTCGTTTCGGGCAATATTTCCACAAACCAGCCCGTTAACAGGACAGACAGTCAAGCATCACGTCATGGCTGATGTACGCCTGCACCAAGGTGGCGCTCCAACCATAATAATTACAGAGCCAGCCGTTATTGTCGGTGACCGCTATCAACAACTTCAACGGCACAATCTGACCCTAGAAGATTTAAGCGAGAGCGGAGTACCCCTCTCGCAGGTCGCCATTATCGAGACACAGGCGCAAAAAACGAACGACGATTGCGTTATGTACTCACTGAATTACGCGATCAAAGCCCATAAAAATGCAGCTCAATTTGACGACATTCATCATGGTCTTCAGCACGGCACTTTGTCGACCGAATCCGAGTCCAGGGCGCAGACTACTCTTGGCGCCCTTGAAGCAAACCTCACATATTCAGTGATGCACGCTCATGCAGCATTTGGCGCTGACGTTCTGCCGGTGGATTTTTATAAGCATGGCGCTTCGTTAACGCAGGCAAAACAGCTGATGAAGCGGCCAGACGGACGTATGGCTGGAAGAGTCAACAGCGAAGGTCACAGTGAGGCTGAAAACCTAGTTCAACGCAACCAGGCATTCCGCGTGAAGCGCAGGGAGCTACTCGACGATGAGGCGCCGTCGAATACCCAGTTCAGCGCGTCCATCGACGGCTTTAGACTACAGGAAATCAAACGAGTACTTGCCGAAGAACAGCGCGGCGCATACCCTTACGATGTTCCTGATTACGCATAACATGCACCCAGCCCGCCTAATGAGCGGGCTTTTTTTTGCGCGTAGCAGATGATGACAAGTCGCGGCCGC | M70: CATGCACC | N70: =LEN(L70) -> 1327 | O70: =LEN(K70) -> 1104 | P70: MGNVCVGGSRMSHQVYSPDRADTPPRSERNTPDRRQRAAGDAERTQSMRLQQKINDLKPYVRHARGPIKAYGQAALDRASGKKTSVSFAELDATHLDAMVDIENQRNPGLNLRHFRDHKELIQAFQSGGPNSFRAIFPQTSPLTGQTVKHHVMADVRLHQGGAPTIIITEPAVIVGDRYQQLQRHNLTLEDLSESGVPLSQVAIIETQAQKTNDDCVMYSLNYAIKAHKNAAQFDDIHHGLQHGTLSTESESRAQTTLGALEANLTYSVMHAHAAFGADVLPVDFYKHGASLTQAKQLMKRPDGRMAGRVNSEGHSEAENLVQRNQAFRVKRRELLDDEAPSNTQFSASIDGFRLQEIKRVLAEEQR* | Q70: =(O70-3)/3 -> 367 | R70: 40.79564 | S70: 1 | T70: 1 | U70: 1 | V70: 1 | W70: ZAR1
A71: 125 | B71: HopZ1g | C71: HopZ | D71: HopZ1 | E71: 34 | F71: PgcICMP4323_HopZ1g_1 | J71: GGAACTCGTCAATGATGATGCGCCACACA | K71: ATGGGAAATGTATGCGTCGGCGGATCTCGAATGTCGCACCAAGTCTATTCGCCTGACCGTGAGGACACCCCTCCGCGAAGCGAGCGCAACACTCCGGATCGCAGGCAGAGAGCGGCAGGCGACGCAGAGAGACCTCAAAGCATGCGACTGCAGCAGAAAATAAACGATTTGAAACCTTACGTGCGGCACGCTCGAGGCTCAATTAAAGCTTATGGCCAAGCAGCCCTTGACCGTGCATCAGGAAAGAAGACAAGTGTAAGTTTTGCACAACTGGATGCGACCCATCTCGACGCAATGGTCGACATCGAGAATCAACGTAATCCGGGCCTTAACCTCAGGCACTTCAGAGACCACAAGGAGCTCATTCAGGCAATCCAAAGCGGTGGCCCCAACTCGTTTCGGGCAGTATTCCCACAAACCAGCCCGGGAACAGGACAGACAGTCAAGCATCACGTCATGGCTGATGTACGCCTGCACCAAGGTGGCGCTCCAACCATAATAATTACAGAGCCAGCCGTTATTGTCGGTGCACGCTTTCAACAACTTCAACAGCACAATCTGACCCTGGAAGATTTAAGCGAGAGCGGAGTACCCCTCTCGCAGGTCGCCATTATCGAGACACAGGCGCAAAAAACGAACGACGATTGCGTTATGTACTCACTGAATTACGCGATCAAAGCCCATAAAAATGCAGCTCAATTTGACGAAATTCATCATGGTCTTCAGCACGGCACTTTGTCGACCGAATCCGAGTCCAGGGCGCGGACCACTCTTGGCGCCCTTGAAGCAGACAGCTCATATTCAGTGATGCATGAGGGTGCTCATGCAGCATTTGGCGCTGACGTTCTGCCGGTGGATTTTTATAAGCATGGCGCTTCGCTGACGCAGGCAAAACAGCTGATGAAGCGGCCAGATGGACGTATGGCTGGAAGAGTCAACAGCGAAGGTCACAGTGAGGCTGAAAACCTAGTTCAACGCAACCAGGCATTCCGCGTGAAGCGCAGGGAGCTACTCGACGATGAGACGCCGTCGAATACCCAGTTCAGCGCGTCTATCGACGGCTTTAGACTACAGGAAATCAAACGAGTACTTGCCGAAGAACAGCGCTAA | L71: GCGGCCGCAGTTACCTGGAGTAGTGTTGGCGCGCTTCCTTAAGGTTTTTCACAATGGAACTCGTCAATGATGATGCGCCACACATTGCTTCGAAACGTTTTAATTTTATGAGGAGTTCAAGATGGGAAATGTATGCGTCGGCGGATCTCGAATGTCGCACCAAGTCTATTCGCCTGACCGTGAGGACACCCCTCCGCGAAGCGAGCGCAACACTCCGGATCGCAGGCAGAGAGCGGCAGGCGACGCAGAGAGACCTCAAAGCATGCGACTGCAGCAGAAAATAAACGATTTGAAACCTTACGTGCGGCACGCTCGAGGCTCAATTAAAGCTTATGGCCAAGCAGCCCTTGACCGTGCATCAGGAAAGAAGACAAGTGTAAGTTTTGCACAACTGGATGCGACCCATCTCGACGCAATGGTCGACATCGAGAATCAACGTAATCCGGGCCTTAACCTCAGGCACTTCAGAGACCACAAGGAGCTCATTCAGGCAATCCAAAGCGGTGGCCCCAACTCGTTTCGGGCAGTATTCCCACAAACCAGCCCGGGAACAGGACAGACAGTCAAGCATCACGTCATGGCTGATGTACGCCTGCACCAAGGTGGCGCTCCAACCATAATAATTACAGAGCCAGCCGTTATTGTCGGTGCACGCTTTCAACAACTTCAACAGCACAATCTGACCCTGGAAGATTTAAGCGAGAGCGGAGTACCCCTCTCGCAGGTCGCCATTATCGAGACACAGGCGCAAAAAACGAACGACGATTGCGTTATGTACTCACTGAATTACGCGATCAAAGCCCATAAAAATGCAGCTCAATTTGACGAAATTCATCATGGTCTTCAGCACGGCACTTTGTCGACCGAATCCGAGTCCAGGGCGCGGACCACTCTTGGCGCCCTTGAAGCAGACAGCTCATATTCAGTGATGCATGAGGGTGCTCATGCAGCATTTGGCGCTGACGTTCTGCCGGTGGATTTTTATAAGCATGGCGCTTCGCTGACGCAGGCAAAACAGCTGATGAAGCGGCCAGATGGACGTATGGCTGGAAGAGTCAACAGCGAAGGTCACAGTGAGGCTGAAAACCTAGTTCAACGCAACCAGGCATTCCGCGTGAAGCGCAGGGAGCTACTCGACGATGAGACGCCGTCGAATACCCAGTTCAGCGCGTCTATCGACGGCTTTAGACTACAGGAAATCAAACGAGTACTTGCCGAAGAACAGCGCGGCGCATACCCTTACGATGTTCCTGATTACGCATAATTACATAACAGCCCGCCTAATGAGCGGGCTTTTTTTTGCGCGTAGCAGATGATGACAAGTCGCGGCCGC | M71: TTACATAA | N71: =LEN(L71) -> 1333 | O71: =LEN(K71) -> 1110 | P71: MGNVCVGGSRMSHQVYSPDREDTPPRSERNTPDRRQRAAGDAERPQSMRLQQKINDLKPYVRHARGSIKAYGQAALDRASGKKTSVSFAQLDATHLDAMVDIENQRNPGLNLRHFRDHKELIQAIQSGGPNSFRAVFPQTSPGTGQTVKHHVMADVRLHQGGAPTIIITEPAVIVGARFQQLQQHNLTLEDLSESGVPLSQVAIIETQAQKTNDDCVMYSLNYAIKAHKNAAQFDEIHHGLQHGTLSTESESRARTTLGALEADSSYSVMHEGAHAAFGADVLPVDFYKHGASLTQAKQLMKRPDGRMAGRVNSEGHSEAENLVQRNQAFRVKRRELLDDETPSNTQFSASIDGFRLQEIKRVLAEEQR* | Q71: =(O71-3)/3 -> 369 | R71: 40.8656 | S71: 1 | T71: 1 | U71: 1 | V71: 1 | W71: ZAR1
A72: 126 | B72: HopZ1a | C72: HopZ | D72: HopZ1 | E72: 3 | F72: PsA2_HopZ1a_1 | J72: GGAACCCGTCAATGATGATGCGACACACA | K72: ATGGGAAATGTATGCGTCGGCGGATCTCGAATGTCGCACCAGGTCTATTCGCCTGACCGTGCGGACACACCTCCTCGAAGCGAGCGCAACACTCCGGATCGCAGGCAGAGAGCGGCAGGCGACGCAGAGAGAACTCAAAGCATGCGACTGCAGCAGAAAATAAACGATTTGAAACCTTACGTGCGGCACGCACGAGGTCCAATTAAAGCTTATGGGCAAGCAGCCCTTGACCGTGCATCAGGAAAGAAGACAAGTGTGAGCTTTGCAGAGTTGGACGCCACCCATCTCGACGCAATGGTCTACATCGAGAACCAACGAAATCCCGGCCTCAACCTCAAGCACTTCAGAGACCACAAAGAGCTCATTCAGGCACTCCAAAGCGATGGCCCCAGCGCATTTCGGGCAATATTCCCACAAACCTGCCCGGAAACAGGACAGACACTCAAGCATCACGTCATGGCTGATGTACGCCTGCACCAAGGTGGCGCTCCAACCATAATAATTACAGAGCCAGCCGTTATTGTCGGTGCACGCTATCAACAACTTCAACGGCACAATCTGACCCTGGAAGATTTAAGCGAGAGCGGAGTACCCCTCTCGCAGGTCGCCATTATCGAGACACAGGCGCAAAAAACGAGCGACGATTGCGTTATGTACTCACTGAATTACGCGATCAAAGCCCATAAAAATGCAGCTCAATTTGACGACATTCATCATGGTCTTCAGCACGGCACTTTGTCGACCGAATCCGAGTCCAGGGCGCGGACCACTCTTGGCGCCCTTGAAGCAAGCAGCTCATATTCAGTGATGCATGAGGGTGCTCATGCAGCATTTGGCGCTGACGTTCTGCCGGTGGATTTTTATAAGCATGGCGCTTCGCTGACGCAGGCAAAACAGCTGATGAAGCGGCCAGATGGACGTATGGCTGGAAGAGTCAACAGCGAAGGTCACAGTGAGGCTGAAAACCTAGTTCAACGCAACCAGGCATTCCGCGTGAAGCGCAGGGAGCTACTCGACGATGAGACGCCGTCGAATACCCAGTTCAGCGCGTCCATCGACGGCTTTAGACTACAGGAAATCAAACGAGTACTTGCCGAAGAGCAGCGCTAA | L72: GCGGCCGCAGTTACCTGGAGTAGTGTTGGCGCGCTTCCTTAAGGTTTTTCACAATGGAACCCGTCAATGATGATGCGACACACATTGCTTCGAAACGTTTTACCTTTATGAGGAGTTCAAGATGGGAAATGTATGCGTCGGCGGATCTCGAATGTCGCACCAGGTCTATTCGCCTGACCGTGCGGACACACCTCCTCGAAGCGAGCGCAACACTCCGGATCGCAGGCAGAGAGCGGCAGGCGACGCAGAGAGAACTCAAAGCATGCGACTGCAGCAGAAAATAAACGATTTGAAACCTTACGTGCGGCACGCACGAGGTCCAATTAAAGCTTATGGGCAAGCAGCCCTTGACCGTGCATCAGGAAAGAAGACAAGTGTGAGCTTTGCAGAGTTGGACGCCACCCATCTCGACGCAATGGTCTACATCGAGAACCAACGAAATCCCGGCCTCAACCTCAAGCACTTCAGAGACCACAAAGAGCTCATTCAGGCACTCCAAAGCGATGGCCCCAGCGCATTTCGGGCAATATTCCCACAAACCTGCCCGGAAACAGGACAGACACTCAAGCATCACGTCATGGCTGATGTACGCCTGCACCAAGGTGGCGCTCCAACCATAATAATTACAGAGCCAGCCGTTATTGTCGGTGCACGCTATCAACAACTTCAACGGCACAATCTGACCCTGGAAGATTTAAGCGAGAGCGGAGTACCCCTCTCGCAGGTCGCCATTATCGAGACACAGGCGCAAAAAACGAGCGACGATTGCGTTATGTACTCACTGAATTACGCGATCAAAGCCCATAAAAATGCAGCTCAATTTGACGACATTCATCATGGTCTTCAGCACGGCACTTTGTCGACCGAATCCGAGTCCAGGGCGCGGACCACTCTTGGCGCCCTTGAAGCAAGCAGCTCATATTCAGTGATGCATGAGGGTGCTCATGCAGCATTTGGCGCTGACGTTCTGCCGGTGGATTTTTATAAGCATGGCGCTTCGCTGACGCAGGCAAAACAGCTGATGAAGCGGCCAGATGGACGTATGGCTGGAAGAGTCAACAGCGAAGGTCACAGTGAGGCTGAAAACCTAGTTCAACGCAACCAGGCATTCCGCGTGAAGCGCAGGGAGCTACTCGACGATGAGACGCCGTCGAATACCCAGTTCAGCGCGTCCATCGACGGCTTTAGACTACAGGAAATCAAACGAGTACTTGCCGAAGAGCAGCGCGGCGCATACCCTTACGATGTTCCTGATTACGCATAATGCCATTCCAGCCCGCCTAATGAGCGGGCTTTTTTTTGCGCGTAGCAGATGATGACAAGTCGCGGCCGC | M72: TGCCATTC | N72: =LEN(L72) -> 1333 | O72: =LEN(K72) -> 1110 | P72: MGNVCVGGSRMSHQVYSPDRADTPPRSERNTPDRRQRAAGDAERTQSMRLQQKINDLKPYVRHARGPIKAYGQAALDRASGKKTSVSFAELDATHLDAMVYIENQRNPGLNLKHFRDHKELIQALQSDGPSAFRAIFPQTCPETGQTLKHHVMADVRLHQGGAPTIIITEPAVIVGARYQQLQRHNLTLEDLSESGVPLSQVAIIETQAQKTSDDCVMYSLNYAIKAHKNAAQFDDIHHGLQHGTLSTESESRARTTLGALEASSSYSVMHEGAHAAFGADVLPVDFYKHGASLTQAKQLMKRPDGRMAGRVNSEGHSEAENLVQRNQAFRVKRRELLDDETPSNTQFSASIDGFRLQEIKRVLAEEQR* | Q72: =(O72-3)/3 -> 369 | R72: 40.94884 | S72: 1 | T72: 1 | U72: 1 | V72: 1 | W72: ZAR1
A73: 127 | B73: HopZ1e | C73: HopZ | D73: HopZ1 | E73: 137 | F73: ParICMP4328_HopZ1e_1 | J73: GGAACCCGGCAAGGACGGTGCGCCACACA | K73: ATGGGAAATGTATGCGTCAGCGGCTCTCGAATGTCGCAACATGTGTATTCGCCTGAACGCGCAGACGCGCCACCCAGTAGCACGCGCAATACTGCGGAGCGCAGCCAGAGGACGGCGGGCGACGCAGACCGAAATCACAGCATGCGACTGCAGCAGAAAATAAAGGATTTAAAACCTTACGTGCGCCATGCACGAGGCCCAATAAAAGCTTATGGCCAAGCAGCCATCGACCGAGCATCAGGCAAAAAGACAAGTGTGAGTTTTGCAGAGTTGGACGCGACCCATCTCGACGCAATGGTCGACATCGAGAACCAACGAAATCCAGGCCTCAACCTCAGGCACTTCAGAGACCACAAAGAGCTCATTCAGGCACTCCAAAGCGATGGCCCCAGCGCATTTCGGGCAATATTCCCACAAACCAGTCCTGGAACCGGACAGATAGTCAGGCATCACGTAATGGCTGATGTCCGCATGCATCAGGGTAGAGTTCCAACCATTATAATTACTGAGCCAGCCTCCATAGTTGGTTCACGGCTTCAACAGCTTCGACAGCACAATCTGACCCTTGAGGATTTGAGAAAGAGTGGTGTACCACTCTCGCACGTCGCCATTCTTGAAACGCAGGCGCAAAAAACGAAAGACGACTGCGTTATGTACGCCCTGAATTACGCAATCAAATCCTATAAAAATGCAAATCAATTTGATGACATTCATCAAGGTCTTCAGCGTGGCGCATTACCAACCGAAGACGAGTCCAGAACCAAGACCACCCTCGGCGCACTCGAAAAAAACAGCCCATACCCATTGATGAACAGGGACACTCATGCGGCATTCGGTGCGGATTTTCTGCCAGTGGATTTTTATAAGCATGGCGCTTCGCTGACGCAGGCGAGAGAGCTAATGAAGCGGCCGGACGGACGCATGGCCGGGAGAGTCAACAGCGAAAACCACAGAGAGGCTGAAAACCTGATTCAACGCAACCAGGCATTTCGCATGACACGCAGTGTTTTGCTCGACGATGGTACACCGTCAAGCACCCAATTCAGCGCGTCCATCGACGGCTTTAGACTCCAGGAAATAAAACGAGTACTGGCCGCAGCACAGCGCTGA | L73: GCGGCCGCAGTTACCTGGAGTAGTGTTGGCTTAATTATTAAGGCTTTTTTACAATGGAACCCGGCAAGGACGGTGCGCCACACAACGCTGAGAAGCCTTGACCTTTTTGATTTTGAGGAGTTACCAAATGGGAAATGTATGCGTCAGCGGCTCTCGAATGTCGCAACATGTGTATTCGCCTGAACGCGCAGACGCGCCACCCAGTAGCACGCGCAATACTGCGGAGCGCAGCCAGAGGACGGCGGGCGACGCAGACCGAAATCACAGCATGCGACTGCAGCAGAAAATAAAGGATTTAAAACCTTACGTGCGCCATGCACGAGGCCCAATAAAAGCTTATGGCCAAGCAGCCATCGACCGAGCATCAGGCAAAAAGACAAGTGTGAGTTTTGCAGAGTTGGACGCGACCCATCTCGACGCAATGGTCGACATCGAGAACCAACGAAATCCAGGCCTCAACCTCAGGCACTTCAGAGACCACAAAGAGCTCATTCAGGCACTCCAAAGCGATGGCCCCAGCGCATTTCGGGCAATATTCCCACAAACCAGTCCTGGAACCGGACAGATAGTCAGGCATCACGTAATGGCTGATGTCCGCATGCATCAGGGTAGAGTTCCAACCATTATAATTACTGAGCCAGCCTCCATAGTTGGTTCACGGCTTCAACAGCTTCGACAGCACAATCTGACCCTTGAGGATTTGAGAAAGAGTGGTGTACCACTCTCGCACGTCGCCATTCTTGAAACGCAGGCGCAAAAAACGAAAGACGACTGCGTTATGTACGCCCTGAATTACGCAATCAAATCCTATAAAAATGCAAATCAATTTGATGACATTCATCAAGGTCTTCAGCGTGGCGCATTACCAACCGAAGACGAGTCCAGAACCAAGACCACCCTCGGCGCACTCGAAAAAAACAGCCCATACCCATTGATGAACAGGGACACTCATGCGGCATTCGGTGCGGATTTTCTGCCAGTGGATTTTTATAAGCATGGCGCTTCGCTGACGCAGGCGAGAGAGCTAATGAAGCGGCCGGACGGACGCATGGCCGGGAGAGTCAACAGCGAAAACCACAGAGAGGCTGAAAACCTGATTCAACGCAACCAGGCATTTCGCATGACACGCAGTGTTTTGCTCGACGATGGTACACCGTCAAGCACCCAATTCAGCGCGTCCATCGACGGCTTTAGACTCCAGGAAATAAAACGAGTACTGGCCGCAGCACAGCGCGGCGCATACCCTTACGATGTTCCTGATTACGCATGACCCGTGTACAGCCCGCCTAATGAGCGGGCTTTTTTTTGCGCGTAGCAGATGATGACAAGTCGCGGCCGC | M73: CCCGTGTA | N73: =LEN(L73) -> 1339 | O73: =LEN(K73) -> 1110 | P73: MGNVCVSGSRMSQHVYSPERADAPPSSTRNTAERSQRTAGDADRNHSMRLQQKIKDLKPYVRHARGPIKAYGQAAIDRASGKKTSVSFAELDATHLDAMVDIENQRNPGLNLRHFRDHKELIQALQSDGPSAFRAIFPQTSPGTGQIVRHHVMADVRMHQGRVPTIIITEPASIVGSRLQQLRQHNLTLEDLRKSGVPLSHVAILETQAQKTKDDCVMYALNYAIKSYKNANQFDDIHQGLQRGALPTEDESRTKTTLGALEKNSPYPLMNRDTHAAFGADFLPVDFYKHGASLTQARELMKRPDGRMAGRVNSENHREAENLIQRNQAFRMTRSVLLDDGTPSSTQFSASIDGFRLQEIKRVLAAAQR* | Q73: =(O73-3)/3 -> 369 | R73: 41.17939 | S73: 1 | T73: 1 | U73: 1 | V73: 1 | W73: ZAR1
A74: 129 | B74: HopAB1r | C74: HopAB | D74: HopAB1 | E74: 6 | F74: PalICMP15200_HopAB1r_1 | J74: GGAACCTTTGCGTGCTCGATAACCACTGA | K74: ATGGTGGGTAGTATCAACAGAGCCGGGCCATCTGGCGCTCCTTACGGGCACACCGCCCCCGAACCAGCACCAGAGCGCGCACACGAATCCGGCAGCGGTGCCAGCTTCTCGAACAGTCCGCAGTTGCCGGCGCACTCTTCGGATGCGCCCACATCACAGGCGCGAGATCGACGCGAAATGCTTTTGCGAGCCAGGCCGTTGTCGCGCCAAACCAGAGAGTGGGTGGCGCAGGGTATGCCGCCAACGGCGGATGCTGGAGTGCCCATCAGGCTGCATGAGCGTGCCGCTACCGCCGTGCCGGATGCACGTGCAGAGGAAAGACATACGCCGGAGGAACCTGCCGATGCTGCGGCGCCACAGCACCTGGGGGCTAGAGCACACGCCAATGGAATTGTTCAACAATTGGTTGACGCGCACGCCGATCTTGCCGGCATGCTATCCATGATTCAGGATGGCAGGCGTGGCTACGCGACACGTCTTCCTTCTGAAGCAGAGCAGCGTATTTTGCTCGAGCATTTCCCTAACTTGCTAAGGGGTGAACTCGGTAATGACTCGGAGCTCGCTACCGCGTTCCGTAGCGAGCTGCGTCGGGCGGTTCGCCAACAGGCGGCGTCAGCCCCCCCAAGAACACCAGCACGGTCCACCGCAAGGACGCCGGAGCGCGCGCACGCAGAGGCAATAAGCACGCTGGGCACACCTGCTTATACCCGCGCACCGCAGCACTTAGGGGCGACGGCACACGCCAATAGCATCGTTCAGCAATTGGTCAGCGCGGGCGCTAATCTTGCCCATACTCGCACCATGTTCCGCAATATGTTGAGAGGCGAAGAGGTGGCTCTTTCTGGAGCAGAACAGAGTGTTTTGCTCGAGCATTTTCCTGACATGCTAGCTAGTGGAATCGATCGCCACTCAGAGCTCGCTATCGAGCTCCGTGCGGCGTTTCGTAGAGCAGATAGCCAACAGGCGTCAGCGCCAGCAAGGACACCACCACGGCCCTCTGTCAGGACGCCGGAGCGGTCGCCAGCGCCGCGCACCGCTACAGAATCATCATCGGGCAGCAACCAGCGTACGTTATTAGGGCGGTTCGCCGGGTTGATGACGCCTGATCAGAGACGTCCGTCGAGCGCTTCGAACGCGTCTACCTCTCAAAGGCCTGTAGACAGAAGCCCCCCACGCGTCAATCAGGTACCCACCCGACCTGACAGGGTAGCGATGCGTAATCGTGGCAATATCGATGCCGAAGTCGCGCTGCGGGACCTGGCTCAACAGGGGGTCAATATGGGGCGCCTGCACGCGGCCCTTGGCGCCCACATAATGCATGGTCGAGCGCTACCCGAGGATCTAAGGCGCGCATTGGGAGGTGTGGGGATTCGTCCATACAATGAAACGTCGTTGAGCCTTATGGAACATCCGCTGCTGAACCTGAATATTGCGCTGAACCGAAGGTTGGGGCCGCGTCCCCTGATTGCTCAAGAACCTCGCCCAGCCGTCCCAATGGGGCCTCCGAGCTCCTCCAGGCGACCAAGCGGCACGCGCGCGGCAACATTGCCGGTAATGCCGGAGCGTGAGGATCACGAGAACAATGTTTCTTACGGAATGCGCTTGCTTGATCTGAACCCGGGGGTAAGGGTACGGACGATTGTTGATGCCTTCATAGCCGAACCAGCGCGTCGGCCGAGCGTAGTCGCGCAAATCAGAGAACTTCGTGCAGCCACCAAAGCTATATCTTCACAATTCAGTCAGTTGCGTACAATCTCCAAGGCCGATGCGGCATCCGAAGAGCTGGGTTTCAAGGATGCAGCAGATCATCATCTGGACGACGCGACGCATTGTCTTTTTGGTGAACCATTGTCGTTGGGCAATCAGGGTCAGCAGGTGATCGGCCTGGCGGCTAATCCGACGGGCACGTCGCAGTCTTACAGCCAAGAGGAAAATAAGGAGCTGGTGTTCATGGATATGAAAAAACTTGCCCAATTCCTGGTAGGCAAGCCTGAGCATCCGATGACCAGAGAACCGCTTGATGCCGAAAATATCGCCAAGTATGCCTTTAGACTCGTTCCCTGA | L74: GCGGCCGCAGTTACCTGGAGTAGTGTTGGCCGGACTACCGACTTCGGTTCATGAAGGAACCTTTGCGTGCTCGATAACCACTGATTATCGATTGTGCGGGTAAGGAGATCCGCCGCCATGAAATTGAAAAAGGTGACCAGACATGGTGGGTAGTATCAACAGAGCCGGGCCATCTGGCGCTCCTTACGGGCACACCGCCCCCGAACCAGCACCAGAGCGCGCACACGAATCCGGCAGCGGTGCCAGCTTCTCGAACAGTCCGCAGTTGCCGGCGCACTCTTCGGATGCGCCCACATCACAGGCGCGAGATCGACGCGAAATGCTTTTGCGAGCCAGGCCGTTGTCGCGCCAAACCAGAGAGTGGGTGGCGCAGGGTATGCCGCCAACGGCGGATGCTGGAGTGCCCATCAGGCTGCATGAGCGTGCCGCTACCGCCGTGCCGGATGCACGTGCAGAGGAAAGACATACGCCGGAGGAACCTGCCGATGCTGCGGCGCCACAGCACCTGGGGGCTAGAGCACACGCCAATGGAATTGTTCAACAATTGGTTGACGCGCACGCCGATCTTGCCGGCATGCTATCCATGATTCAGGATGGCAGGCGTGGCTACGCGACACGTCTTCCTTCTGAAGCAGAGCAGCGTATTTTGCTCGAGCATTTCCCTAACTTGCTAAGGGGTGAACTCGGTAATGACTCGGAGCTCGCTACCGCGTTCCGTAGCGAGCTGCGTCGGGCGGTTCGCCAACAGGCGGCGTCAGCCCCCCCAAGAACACCAGCACGGTCCACCGCAAGGACGCCGGAGCGCGCGCACGCAGAGGCAATAAGCACGCTGGGCACACCTGCTTATACCCGCGCACCGCAGCACTTAGGGGCGACGGCACACGCCAATAGCATCGTTCAGCAATTGGTCAGCGCGGGCGCTAATCTTGCCCATACTCGCACCATGTTCCGCAATATGTTGAGAGGCGAAGAGGTGGCTCTTTCTGGAGCAGAACAGAGTGTTTTGCTCGAGCATTTTCCTGACATGCTAGCTAGTGGAATCGATCGCCACTCAGAGCTCGCTATCGAGCTCCGTGCGGCGTTTCGTAGAGCAGATAGCCAACAGGCGTCAGCGCCAGCAAGGACACCACCACGGCCCTCTGTCAGGACGCCGGAGCGGTCGCCAGCGCCGCGCACCGCTACAGAATCATCATCGGGCAGCAACCAGCGTACGTTATTAGGGCGGTTCGCCGGGTTGATGACGCCTGATCAGAGACGTCCGTCGAGCGCTTCGAACGCGTCTACCTCTCAAAGGCCTGTAGACAGAAGCCCCCCACGCGTCAATCAGGTACCCACCCGACCTGACAGGGTAGCGATGCGTAATCGTGGCAATATCGATGCCGAAGTCGCGCTGCGGGACCTGGCTCAACAGGGGGTCAATATGGGGCGCCTGCACGCGGCCCTTGGCGCCCACATAATGCATGGTCGAGCGCTACCCGAGGATCTAAGGCGCGCATTGGGAGGTGTGGGGATTCGTCCATACAATGAAACGTCGTTGAGCCTTATGGAACATCCGCTGCTGAACCTGAATATTGCGCTGAACCGAAGGTTGGGGCCGCGTCCCCTGATTGCTCAAGAACCTCGCCCAGCCGTCCCAATGGGGCCTCCGAGCTCCTCCAGGCGACCAAGCGGCACGCGCGCGGCAACATTGCCGGTAATGCCGGAGCGTGAGGATCACGAGAACAATGTTTCTTACGGAATGCGCTTGCTTGATCTGAACCCGGGGGTAAGGGTACGGACGATTGTTGATGCCTTCATAGCCGAACCAGCGCGTCGGCCGAGCGTAGTCGCGCAAATCAGAGAACTTCGTGCAGCCACCAAAGCTATATCTTCACAATTCAGTCAGTTGCGTACAATCTCCAAGGCCGATGCGGCATCCGAAGAGCTGGGTTTCAAGGATGCAGCAGATCATCATCTGGACGACGCGACGCATTGTCTTTTTGGTGAACCATTGTCGTTGGGCAATCAGGGTCAGCAGGTGATCGGCCTGGCGGCTAATCCGACGGGCACGTCGCAGTCTTACAGCCAAGAGGAAAATAAGGAGCTGGTGTTCATGGATATGAAAAAACTTGCCCAATTCCTGGTAGGCAAGCCTGAGCATCCGATGACCAGAGAACCGCTTGATGCCGAAAATATCGCCAAGTATGCCTTTAGACTCGTTCCCGGCGCATACCCTTACGATGTTCCTGATTACGCATGACGAACTGGCAGCCCGCCTAATGAGCGGGCTTTTTTTTGCGCGTAGCAGATGATGACAAGTCGCGGCCGC | M74: CGAACTGG | N74: =LEN(L74) -> 2308 | O74: =LEN(K74) -> 2064 | P74: MVGSINRAGPSGAPYGHTAPEPAPERAHESGSGASFSNSPQLPAHSSDAPTSQARDRREMLLRARPLSRQTREWVAQGMPPTADAGVPIRLHERAATAVPDARAEERHTPEEPADAAAPQHLGARAHANGIVQQLVDAHADLAGMLSMIQDGRRGYATRLPSEAEQRILLEHFPNLLRGELGNDSELATAFRSELRRAVRQQAASAPPRTPARSTARTPERAHAEAISTLGTPAYTRAPQHLGATAHANSIVQQLVSAGANLAHTRTMFRNMLRGEEVALSGAEQSVLLEHFPDMLASGIDRHSELAIELRAAFRRADSQQASAPARTPPRPSVRTPERSPAPRTATESSSGSNQRTLLGRFAGLMTPDQRRPSSASNASTSQRPVDRSPPRVNQVPTRPDRVAMRNRGNIDAEVALRDLAQQGVNMGRLHAALGAHIMHGRALPEDLRRALGGVGIRPYNETSLSLMEHPLLNLNIALNRRLGPRPLIAQEPRPAVPMGPPSSSRRPSGTRAATLPVMPEREDHENNVSYGMRLLDLNPGVRVRTIVDAFIAEPARRPSVVAQIRELRAATKAISSQFSQLRTISKADAASEELGFKDAADHHLDDATHCLFGEPLSLGNQGQQVIGLAANPTGTSQSYSQEENKELVFMDMKKLAQFLVGKPEHPMTREPLDAENIAKYAFRLVP* | Q74: =(O74-3)/3 -> 687 | R74: 74.38268 | S74: 1 | T74: 0 | U74: 1 | V74: 0
A75: 130 | B75: HopAB1i | C75: HopAB | D75: HopAB1 | E75: 17 | F75: PsaICMP18803_HopAB1i_1 | J75: GGAACTCTTTCCTGCTCTGTTGCCACCCA | K75: ATGGTGGGTATTAATAGAGCGGGACCATCGGGCGCTTATTTTGGTGGCCACACAGACCCCGAGCCAGTATCGGGGCAAGCACACGGATCCAGCAGTGGCGCGAGCTCCTCGAACAGTCCGCGCTTGCCCGCGCCTCCGGATGCACCTGCGTCGCAGGCGCGAGATCGACGCGAAATGCTTTTGCGAGCCAGGCCGCTGTCGCGCCAAACCAGGGAGTGGGTGGCGCAGGGTATGCCGCCAACGGCGGAGGCTGGAGTGCCCATCAGGCTTCAGGAGCCAGCAGCTGCCGCCGTGCCGCATGCACGTACAGAGGAAAGACATGCGTCGGAGGAACCTGCCGATGCAGCAGCGCCGCGTGCGCACGCAGAGGCAAGACGCACGGTGGACACGCCTGCTTATGCCCGGGCACCGCAGCACGCAGGAGCGACGGCACACGCCAACAGCATCGTTCAACAATTGGTCGAAGCGGGCGCTGATCTTGCCCATACTCGCACCATGTTCCGCAATATTCTGAGAGGCGAAGAGATTGCTCTTTCTCTAGCCGAACAAAGTGTTTTGCTCCAGCATTTCCCAAACATGCTAGCGACTGGAATCAACCGCCACTCAGAGCTCGCTATCGAGCTTCGTGGGGCGCTCCGTAGAGCGGATAGCCAACAGGCGGTGCCAGCACCCGCAAGGACACCACCACGGTCCTCTGCAAGGACGCCGGAGCGGTCTCTGGCACCGCCCACCGCTACGGAATCATCATCGGGCAGCAACCAGCGTACGTTATTAGGGCGGTTCGCCGGGTTGATGACGCCTAATCAGAGACGTCCGTCGAACGTTTCGAACGCGTCTACCTCTCAAAGGCCTGTAGAAAGAAGCCCGCCACGCGTAAACCAAGTACCCACAGGCGCTAACAGGGTTGCGATGCGTAATCGTGGTAATAACCAGGCCGACGCCGCGCTGCAAGGATTGGCTCAGCAGGGGGTTGATATGGAGGACCTGCGCGCCGCGCTTGAAAGACATATATTGCATCGCCGCCCGATCCCCATGGATATAGCGTACGTCTTGCAGGGTGTGGGCATTGCGCCAAGTATCGATACGGGAGAGAGCCTTATGGAAAACCCGCTGATGAATTTGAGTGTTGCGCTGCACCGCGCACTAGTGTCTCGTCCCGCTCGTGCTCAAGCGCCTCGTCCAGCCGTTCCGGTGGCTCCCGCGACCGTCTCCAGGCGACCAGATGGCGCGCGTGCCACAAGATTGCAGGTAATACCGGAGCGGGAGGATTACGAAAATAATGTGGCCTACGGAGTGCGCTTGCTGAGCCTGAATCCGGGCGCGGGGGTCAGGGAGACTGTTGCGGCCTTTGTAAACAACCGTTACGAGCAGCAGGCGGTTGTTGCCGACATCCGAGCAGCCCTGAGTTTATCTAAAGAATTCAATAAGTTGCGTACGGTCTCTAAGGCCGATGCTGCCTCCAATAAACCAGGCTTCAAGGATGCGGCGGACCACCCAGACGACGCGACGCAATGCCTTTTTGGTGAAGAATTGTCGCTGACCAATTCGGATCAGCAGGTGATCGGCCTGGCAGGTAAGGCAACGGACATGTCGGAGTCTTACAGCCGAGAGGAAAATAAGGACCTGGTATTCATGGATATGAAAAAACTTGCCCAATTCCTCGCAAGCAAGCCTGAGCATCCGATGACCAGAGAAACGCTTAACGCCGAAAATATCGCCAAGTATGCTTTTAGAATAGTCCCCTGA | L75: GCGGCCGCAGTTACCTGGAGTAGTGTTGGCCGAGGTGTATAGGGAAGGGTGAGATGGAACTCTTTCCTGCTCTGTTGCCACCCAGCGCTGATCTTGCGGGTGATTCGGTCCGCAGGCGGAAGACCGGAGAGGATCAGCACATGGTGGGTATTAATAGAGCGGGACCATCGGGCGCTTATTTTGGTGGCCACACAGACCCCGAGCCAGTATCGGGGCAAGCACACGGCTCCAGCAGTGGCGCGAGCTCCTCGAACAGTCCGCGCTTGCCCGCGCCTCCGGATGCACCTGCGTCGCAGGCGCGAGATCGACGCGAAATGCTTTTGCGAGCCAGGCCGCTGTCGCGCCAAACCAGGGAGTGGGTGGCGCAGGGTATGCCGCCAACGGCGGAGGCTGGAGTGCCCATCAGGCTTCAGGAGCCAGCAGCTGCCGCCGTGCCGCATGCACGTACAGAGGAAAGACATGCGTCGGAGGAACCTGCCGATGCAGCAGCGCCGCGTGCGCACGCAGAGGCAAGACGCACGGTGGACACGCCTGCTTATGCCCGGGCACCGCAGCACGCAGGAGCGACGGCACACGCCAACAGCATCGTTCAACAATTGGTCGAAGCGGGCGCTGATCTTGCCCATACTCGCACCATGTTCCGCAATATTCTGAGAGGCGAAGAGATTGCTCTTTCTCTAGCCGAACAAAGTGTTTTGCTCCAGCATTTCCCAAACATGCTAGCGACTGGAATCAACCGCCACTCAGAGCTCGCTATCGAGCTTCGTGGGGCGCTCCGTAGAGCGGATAGCCAACAGGCGGTGCCAGCACCCGCAAGGACACCACCACGGTCCTCTGCAAGGACGCCGGAGCGGTCTCTGGCACCGCCCACCGCTACGGAATCATCATCGGGCAGCAACCAGCGTACGTTATTAGGGCGGTTCGCCGGGTTGATGACGCCTAATCAGAGACGTCCGTCGAACGTTTCGAACGCGTCTACCTCTCAAAGGCCTGTAGAAAGAAGCCCGCCACGCGTAAACCAAGTACCCACAGGCGCTAACAGGGTTGCGATGCGTAATCGTGGTAATAACCAGGCCGACGCCGCGCTGCAAGGATTGGCTCAGCAGGGGGTTGATATGGAGGACCTGCGCGCCGCGCTTGAAAGACATATATTGCATCGCCGCCCGATCCCCATGGATATAGCGTACGTCTTGCAGGGTGTGGGCATTGCGCCAAGTATCGATACGGGAGAGAGCCTTATGGAAAACCCGCTGATGAATTTGAGTGTTGCGCTGCACCGCGCACTCGTGTCTCGTCCCGCTCGTGCTCAAGCGCCTCGTCCAGCCGTTCCGGTGGCTCCCGCGACCGTCTCCAGGCGACCAGATGGCGCGCGTGCCACAAGATTGCAGGTAATACCGGAGCGGGAGGATTACGAAAATAATGTGGCCTACGGAGTGCGCTTGCTGAGCCTGAATCCGGGCGCGGGGGTCAGGGAGACTGTTGCGGCCTTTGTAAACAACCGTTACGAGCAGCAGGCGGTTGTTGCCGACATCCGAGCAGCCCTGAGTTTATCTAAAGAATTCAATAAGTTGCGTACGGTCTCTAAGGCCGATGCTGCCTCCAATAAACCAGGCTTCAAGGATGCGGCGGACCACCCAGACGACGCGACGCAATGCCTTTTTGGTGAAGAATTGTCGCTGACCAATTCGGATCAGCAGGTGATCGGCCTGGCAGGTAAGGCAACGGACATGTCGGAGTCTTACAGCCGAGAGGAAAATAAGGACCTGGTATTCATGGATATGAAAAAACTTGCCCAATTCCTCGCAAGCAAGCCTGAGCATCCGATGACCAGAGAAACGCTTAACGCCGAAAATATCGCCAAGTATGCTTTTAGAATAGTCCCCGGCGCATACCCTTACGATGTTCCTGATTACGCATGAACACACAACAGCCCGCCTAATGAGCGGGCTTTTTTTTGCGCGTAGCAGATGATGACAAGTCGCGGCCGC | M75: ACACACAA | N75: =LEN(L75) -> 1988 | O75: =LEN(K75) -> 1746 | P75: MVGINRAGPSGAYFGGHTDPEPVSGQAHGSSSGASSSNSPRLPAPPDAPASQARDRREMLLRARPLSRQTREWVAQGMPPTAEAGVPIRLQEPAAAAVPHARTEERHASEEPADAAAPRAHAEARRTVDTPAYARAPQHAGATAHANSIVQQLVEAGADLAHTRTMFRNILRGEEIALSLAEQSVLLQHFPNMLATGINRHSELAIELRGALRRADSQQAVPAPARTPPRSSARTPERSLAPPTATESSSGSNQRTLLGRFAGLMTPNQRRPSNVSNASTSQRPVERSPPRVNQVPTGANRVAMRNRGNNQADAALQGLAQQGVDMEDLRAALERHILHRRPIPMDIAYVLQGVGIAPSIDTGESLMENPLMNLSVALHRALVSRPARAQAPRPAVPVAPATVSRRPDGARATRLQVIPEREDYENNVAYGVRLLSLNPGAGVRETVAAFVNNRYEQQAVVADIRAALSLSKEFNKLRTVSKADAASNKPGFKDAADHPDDATQCLFGEELSLTNSDQQVIGLAGKATDMSESYSREENKDLVFMDMKKLAQFLASKPEHPMTRETLNAENIAKYAFRIVP* | Q75: =(O75-3)/3 -> 581 | R75: 62.56228 | S75: 1 | T75: 0 | U75: 1 | V75: 0
A76: 131 | B76: HopAB1s | C76: HopAB | D76: HopAB1 | E76: 5 | F76: PsoICMP16925_HopAB1s_1 | J76: GGAACTCTTTCCTGCTCTTTTTCCACACA | K76: ATGGCGGGTATCAATAGAGCGGGACCATCGGGCGCTTATTTTGTTGGCCACACAGACCCCGAGCCAGCATCGGGGGGCGCACACGGATCCAGCAGTGGCGCAAGCTCCTCGAACAGTCCGCGCTTGCCGGCGCCTCCGGATGCACCCGCGTCGCAGGCGCGAGATCGACGCGAAATGCTTTTGCGAGCCAGGCCGCTGTCGCGCCAAACCAGGGAGTGGGTGGCGCAGGGTATGCCGCCAACGGCGGAGGCTGGAGTGCCCATCAGGCCGCAGGAGTCTGCCGAGGCTGCTGCGCCGCAGGCACGTGCAGAGGAAAGACACACGCCGGAGGCTGATGCAGCAGCGTCGCATGTACGCACAGAGGGAGGACGCACACCGCAGGCGCTTGCCGGTACCTCCCCACGCCACACAGGTGCGGTGCCACACGCCAATAGAATTGTTCAACAATTGGTTGACGCGGGCGCTGATCTTGCCGGTATTCACACCATGATTGACAATGCCAGGCGTCGCTACGCGATAGCTCTTCCTTCTCGAACAGTACAGAGTATTTTGCTCGAGCATTTCCCCAACCTGCTAGCGGGTGAACTCATTAGTGGCTCAGAGCTCGCTACCGCGTTCCGTGCGGCTCTCCGTCGGGAGGTTCGCCAACAGGAGGCGTCAGCCCCCCCAAGAACAGCAGCGCGGTCCTCCGTAAGGACGCCGGAGCGGTCGACGGTGCCGCCCACTTCTACGGAATCATCATCGGGCAGCAACCAGCGTACGTTATTAGGGCGGTTCGCCGGGTTGATGACGCCTAATCAGAGACGTCCGTCGAGCGCTTCGAACGCGTCTGCCTCTCAAAGGCCTATAGACAGAAGCCCGCCACGCGTAAACCAGGTACCCACAGGCGCTAACAGGGTTGCGATGCGTAATCGTGGTAATAATGAGGCCGACGCCGCGCTGCGAGGGTTGGCTGAGCAGGGGGTTAATATGGAGGACCTGCGCGCCGCGCTTGAAAGACATATATTGCATCGCCGCCCGATCCCCATGGATATAGCGTACGCCTTGCAGGGTGTGGGCATTGCGCCAAGTATCGATACGGGAGAGAGCCTTATAGAACACCCGCTGATGAATTTGAGTGTTGCGCTGCACCGCGCACTAGGGTCTCGTCCCGCTCGTGCTCAAGCGCCTCGTCCAGCCGTCCCCGTGGTTCCCGCGACCGCCTCCAGGCGACCGGATGGTACGCGTGCAACACGATTGCGGGTGATGCCGGAGCGGGAGGATTACGAAAATAATGTGGCTTATGGAGTGCGCTTGCTTAACCTGAACCCGGGGGTGGGGGTAAGGCAGGCTGTTGCGGCCTTTGTAACCGACCGGACTGAGCGGCCAGCAGTGGTGGCTAATATCCGGGCAGCCCTGGACCCTATCGCGTCACAATTCAGTCAGCTGCGCACAATTTCGAAGGCCGATGCTGAATCTGAAGAGCTGGGTTTTAAGGATGCGGCAGATCATCACCCGGATGACGTGACGCACTGTCTTTTTGGCGGAGAATTGTCGCTGAGTAATCCGGATCAGCAGGTGATCGGTTTGGCGGGTAATCCGACGGACACGTCGCAGCCTTACAGCCAAGAGGGAAATAAGGACCTGGCGTTCATGGATATGAAAAAACTTGCCCAATTCCTCGCAGGCAAGCCTGAGCATCCGATGACCAGAGAAACGCTTAACGCCGAAAATATCGCCAAGTATGCTTTTAGAATAGTCCCCTGA | L76: GCGGCCGCAGTTACCTGGAGTAGTGTTGGCCAGGGTGTATAGGGAAAGGTGTGGTGGAACTCTTTCCTGCTCTTTTTCCACACAGCGCTGATCTTGCGGGTGATTCGGTCCGCAGGCAGAAGATCGGAGAGGATCAGCACATGGCGGGTATCAATAGAGCGGGACCATCGGGCGCTTATTTTGTTGGCCACACAGACCCCGAGCCAGCATCGGGGGGCGCACACGGCTCCAGCAGTGGCGCAAGCTCCTCGAACAGTCCGCGCTTGCCGGCGCCTCCGGATGCACCCGCGTCGCAGGCGCGAGATCGACGCGAAATGCTTTTGCGAGCCAGGCCGCTGTCGCGCCAAACCAGGGAGTGGGTGGCGCAGGGTATGCCGCCAACGGCGGAGGCTGGAGTGCCCATCAGGCCGCAGGAGTCTGCCGAGGCTGCTGCGCCGCAGGCACGTGCAGAGGAAAGACACACGCCGGAGGCTGATGCAGCAGCGTCGCATGTACGCACAGAGGGAGGACGCACACCGCAGGCGCTTGCCGGTACCTCCCCACGCCACACAGGTGCGGTGCCACACGCCAATAGAATTGTTCAACAATTGGTTGACGCGGGCGCTGATCTTGCCGGTATTCACACCATGATTGACAATGCCAGGCGTCGCTACGCGATAGCTCTTCCTTCTCGAACAGTACAGAGTATTTTGCTCGAGCATTTCCCCAACCTGCTAGCGGGTGAACTCATTAGTGGCTCAGAGCTCGCTACCGCGTTCCGTGCGGCTCTCCGTCGGGAGGTTCGCCAACAGGAGGCGTCAGCCCCCCCAAGAACAGCAGCGCGGTCCTCCGTAAGGACGCCGGAGCGGTCGACGGTGCCGCCCACTTCTACGGAATCATCATCGGGCAGCAACCAGCGTACGTTATTAGGGCGGTTCGCCGGGTTGATGACGCCTAATCAGAGACGTCCGTCGAGCGCTTCGAACGCGTCTGCCTCTCAAAGGCCTATAGACAGAAGCCCGCCACGCGTAAACCAGGTACCCACAGGCGCTAACAGGGTTGCGATGCGTAATCGTGGTAATAATGAGGCCGACGCCGCGCTGCGAGGGTTGGCTGAGCAGGGGGTTAATATGGAGGACCTGCGCGCCGCGCTTGAAAGACATATATTGCATCGCCGCCCGATCCCCATGGATATAGCGTACGCCTTGCAGGGTGTGGGCATTGCGCCAAGTATCGATACGGGAGAGAGCCTTATAGAACACCCGCTGATGAATTTGAGTGTTGCGCTGCACCGCGCACTAGGGTCTCGTCCCGCTCGTGCTCAAGCGCCTCGTCCAGCCGTCCCCGTGGTTCCCGCGACCGCCTCCAGGCGACCGGATGGTACGCGTGCAACACGATTGCGGGTGATGCCGGAGCGGGAGGATTACGAAAATAATGTGGCTTATGGAGTGCGCTTGCTTAACCTGAACCCGGGGGTGGGGGTAAGGCAGGCTGTTGCGGCCTTTGTAACCGACCGGACTGAGCGGCCAGCAGTGGTGGCTAATATCCGGGCAGCCCTGGACCCTATCGCGTCACAATTCAGTCAGCTGCGCACAATTTCGAAGGCCGATGCTGAATCTGAAGAGCTGGGTTTTAAGGATGCGGCAGATCATCACCCGGATGACGTGACGCACTGTCTTTTTGGCGGAGAATTGTCGCTGAGTAATCCGGATCAGCAGGTGATCGGTTTGGCGGGTAATCCGACGGACACGTCGCAGCCTTACAGCCAAGAGGGAAATAAGGACCTGGCGTTCATGGATATGAAAAAACTTGCCCAATTCCTCGCAGGCAAGCCTGAGCATCCGATGACCAGAGAAACGCTTAACGCCGAAAATATCGCCAAGTATGCTTTTAGAATAGTCCCCGGCGCATACCCTTACGATGTTCCTGATTACGCATGATACTGATACAGCCCGCCTAATGAGCGGGCTTTTTTTTGCGCGTAGCAGATGATGACAAGTCGCGGCCGC | M76: TACTGATA | N76: =LEN(L76) -> 1988 | O76: =LEN(K76) -> 1746 | P76: MAGINRAGPSGAYFVGHTDPEPASGGAHGSSSGASSSNSPRLPAPPDAPASQARDRREMLLRARPLSRQTREWVAQGMPPTAEAGVPIRPQESAEAAAPQARAEERHTPEADAAASHVRTEGGRTPQALAGTSPRHTGAVPHANRIVQQLVDAGADLAGIHTMIDNARRRYAIALPSRTVQSILLEHFPNLLAGELISGSELATAFRAALRREVRQQEASAPPRTAARSSVRTPERSTVPPTSTESSSGSNQRTLLGRFAGLMTPNQRRPSSASNASASQRPIDRSPPRVNQVPTGANRVAMRNRGNNEADAALRGLAEQGVNMEDLRAALERHILHRRPIPMDIAYALQGVGIAPSIDTGESLIEHPLMNLSVALHRALGSRPARAQAPRPAVPVVPATASRRPDGTRATRLRVMPEREDYENNVAYGVRLLNLNPGVGVRQAVAAFVTDRTERPAVVANIRAALDPIASQFSQLRTISKADAESEELGFKDAADHHPDDVTHCLFGGELSLSNPDQQVIGLAGNPTDTSQPYSQEGNKDLAFMDMKKLAQFLAGKPEHPMTRETLNAENIAKYAFRIVP* | Q76: =(O76-3)/3 -> 581 | R76: 62.15667 | S76: 1 | T76: 0 | U76: 1 | V76: 0
A77: 132 | B77: HopAB1j | C77: HopAB | D77: HopAB1 | E77: 16 | F77: PdpICMP13052_HopAB1j_1 | J77: GGAACTCTTTCCAGCTCTGTTGCCACATA | K77: ATGGTGGGTATTAATAGAGCGGGACCATCGGGCGCTTATTTTGGTGGACACACAGACCCCGAGCCAGTATCGGGGGGCGCACACGGATCCAGCAGTGGCGCAAGCTCCTCGAACAGTCCGCGCTTGCCGGCGCCTCCGGATGCACCCGCGTCGCAGGCGCGAGATCGACGCGAAATGCTTTTGCGAGCCAGGCCGCTGTCGCGCCAAACCAGGGAGTGGGTGGCGCAGGGTATGCCGCCAACGGCGGAGGCTGGAGTGCCCATCAGGCTTCAGGAGTCTGCCGAGGCTGCAGCGCCGCAGGCACGTGCAGAGGAAAGACACACGCCGGAGGCTGATGCAGCAGCGTCGCATGTACGCACAGAGGGAGGACGCACACCGCAGGCGCTTGCCGGCACCTCCCCACGCCACACAGGTGCGGTGCCACACGCCAATAGAATTGTTCAACAATTGGTTGACGCGGGCGCTGATCTTGCCGGTATTCACACCATGATTGACAATGGCAGGCGTAGCCACGCGATAGCTCTTCCTTCTCGAACAGTACAGAGTATTCTGCTCGAGCATTTCCCTAACCTGCTAGCGGGTGAACTCATTAGTGGCTCAGAGCTCGCTACCGCGTTCCGTGGGGCTCTCCGTCGGGAGGTTCGCCAACAGGAGGCGTCAGCCCCCCCAAGAACAGCAGCGCGGTCCTCCGTAAGGACGCCGGAGCGGTCGCCGGTGCCGCCCACTTCTACGGAATCATCATCGGGCAGCAACCAGCGTACGTTATTAGGGCGGCTCGCCGGGTTGATGACGCCTAATCAGAGACGTTCGTCGAGCGCTTCGAACGCGTCTGCCTCTCAAAGGCCTGTGGACAGGAGCCCGCCACGCGTCAACCAAAGACCCATACGAGTCGACAGGGTTGCGATGCGTAATCGTGGCAATGACGAGGCGGACGCCGCGCTGCGGGGGCTAGTACAACAGGGGGTCAATTTGGAGCACCTGCGCACGGCCCTTGAAAGACATGTAATGCAGCGCCTCCCTATCCCCCGCGATATAGGCAGCGCGTTGCAAAATGTGGGAATTAACCCAAGTATCGACTCCGGGGATAGCCTTGTGCAAAATCCCCTGCTGAATTTGAATGTAGCGTTGAATCGCATGCAGGGGCTGCGTCCCAGCGCTGAAAGAGCGCCTCGTCCAGCCGTCCCCGTGGTTCCCGCGACCGCCTCCAGGCGACCGGATGGTACGCGTGCAACACCATTGCGGGTGATGCCGGAGCGGGAGGATTACGAAAATAATGTGGCTTATGGAATGCGCTTGCTTAACCTGAACCCGGGGGTGGGGGTAAGGCAGGCTGTTGCGGCCTTTGTAACCGACCGGGCTGAGCGGCCAGCAGTGGTGGCTAATATCCGGGCAGCCCTGGACCCTATCGCTTCACAATTCAGTCAGCTGCGCACAATTTCGAAGGCCGATGCTGAATCCGAAGAGCTGGGTTTTAAGGATGCGGCAGATCATCACCCGGATGACGTGACGCACTGTCTTTTTGGCGGAGAATTGTCGCTGAGTAATCCGGATCAGCAGGTGATCGGTTTGGCGGGTAATCCGACGGACATGTCGCAGCCTTACAGCCAAGAGGGAAATAAGGACCTGGCGTTCATGGATATGAAAAAACTTGCCCAATTCCTCGCAGGCAAGCCTGAGCATCCGATGACCAGAGAAACGCTTAACGCCGAAAATATCGCCAAGTATGCTTTTAGAATAGTCCCCTGA | L77: GCGGCCGCAGTTACCTGGAGTAGTGTTGGCCAGGGTGTTTAGGGAAAGGCGAGATGGAACTCTTTCCAGCTCTGTTGCCACATAGCGTTGACTTTGCGGGTGATTTGGCTCGCAGCCAGAAGATCGGAGAGGATCAGCACATGGTGGGTATTAATAGAGCGGGACCATCGGGCGCTTATTTTGGTGGACACACAGACCCCGAGCCAGTATCGGGGGGCGCACACGGCTCCAGCAGTGGCGCAAGCTCCTCGAACAGTCCGCGCTTGCCGGCGCCTCCGGATGCACCCGCGTCGCAGGCGCGAGATCGACGCGAAATGCTTTTGCGAGCCAGGCCGCTGTCGCGCCAAACCAGGGAGTGGGTGGCGCAGGGTATGCCGCCAACGGCGGAGGCTGGAGTGCCCATCAGGCTTCAGGAGTCTGCCGAGGCTGCAGCGCCGCAGGCACGTGCAGAGGAAAGACACACGCCGGAGGCTGATGCAGCAGCGTCGCATGTACGCACAGAGGGAGGACGCACACCGCAGGCGCTTGCCGGCACCTCCCCACGCCACACAGGTGCGGTGCCACACGCCAATAGAATTGTTCAACAATTGGTTGACGCGGGCGCTGATCTTGCCGGTATTCACACCATGATTGACAATGGCAGGCGTAGCCACGCGATAGCTCTTCCTTCTCGAACAGTACAGAGTATTCTGCTCGAGCATTTCCCTAACCTGCTAGCGGGTGAACTCATTAGTGGCTCAGAGCTCGCTACCGCGTTCCGTGGGGCTCTCCGTCGGGAGGTTCGCCAACAGGAGGCGTCAGCCCCCCCAAGAACAGCAGCGCGGTCCTCCGTAAGGACGCCGGAGCGGTCGCCGGTGCCGCCCACTTCTACGGAATCATCATCGGGCAGCAACCAGCGTACGTTATTAGGGCGGCTCGCCGGGTTGATGACGCCTAATCAGAGACGTTCGTCGAGCGCTTCGAACGCGTCTGCCTCTCAAAGGCCTGTGGACAGGAGCCCGCCACGCGTCAACCAAAGACCCATACGAGTCGACAGGGTTGCGATGCGTAATCGTGGCAATGACGAGGCGGACGCCGCGCTGCGGGGGCTAGTACAACAGGGGGTCAATTTGGAGCACCTGCGCACGGCCCTTGAAAGACATGTAATGCAGCGCCTCCCTATCCCCCGCGATATAGGCAGCGCGTTGCAAAATGTGGGAATTAACCCAAGTATCGACTCCGGGGATAGCCTTGTGCAAAATCCCCTGCTGAATTTGAATGTAGCGTTGAATCGCATGCAGGGGCTGCGTCCCAGCGCTGAAAGAGCGCCTCGTCCAGCCGTCCCCGTGGTTCCCGCGACCGCCTCCAGGCGACCGGATGGTACGCGTGCAACACCATTGCGGGTGATGCCGGAGCGGGAGGATTACGAAAATAATGTGGCTTATGGAATGCGCTTGCTTAACCTGAACCCGGGGGTGGGGGTAAGGCAGGCTGTTGCGGCCTTTGTAACCGACCGGGCTGAGCGGCCAGCAGTGGTGGCTAATATCCGGGCAGCCCTGGACCCTATCGCTTCACAATTCAGTCAGCTGCGCACAATTTCGAAGGCCGATGCTGAATCCGAAGAGCTGGGTTTTAAGGATGCGGCAGATCATCACCCGGATGACGTGACGCACTGTCTTTTTGGCGGAGAATTGTCGCTGAGTAATCCGGATCAGCAGGTGATCGGTTTGGCGGGTAATCCGACGGACATGTCGCAGCCTTACAGCCAAGAGGGAAATAAGGACCTGGCGTTCATGGATATGAAAAAACTTGCCCAATTCCTCGCAGGCAAGCCTGAGCATCCGATGACCAGAGAAACGCTTAACGCCGAAAATATCGCCAAGTATGCTTTTAGAATAGTCCCCGGCGCATACCCTTACGATGTTCCTGATTACGCATGATTCGGCCACAGCCCGCCTAATGAGCGGGCTTTTTTTTGCGCGTAGCAGATGATGACAAGTCGCGGCCGC | M77: TTCGGCCA | N77: =LEN(L77) -> 1988 | O77: =LEN(K77) -> 1746 | P77: MVGINRAGPSGAYFGGHTDPEPVSGGAHGSSSGASSSNSPRLPAPPDAPASQARDRREMLLRARPLSRQTREWVAQGMPPTAEAGVPIRLQESAEAAAPQARAEERHTPEADAAASHVRTEGGRTPQALAGTSPRHTGAVPHANRIVQQLVDAGADLAGIHTMIDNGRRSHAIALPSRTVQSILLEHFPNLLAGELISGSELATAFRGALRREVRQQEASAPPRTAARSSVRTPERSPVPPTSTESSSGSNQRTLLGRLAGLMTPNQRRSSSASNASASQRPVDRSPPRVNQRPIRVDRVAMRNRGNDEADAALRGLVQQGVNLEHLRTALERHVMQRLPIPRDIGSALQNVGINPSIDSGDSLVQNPLLNLNVALNRMQGLRPSAERAPRPAVPVVPATASRRPDGTRATPLRVMPEREDYENNVAYGMRLLNLNPGVGVRQAVAAFVTDRAERPAVVANIRAALDPIASQFSQLRTISKADAESEELGFKDAADHHPDDVTHCLFGGELSLSNPDQQVIGLAGNPTDMSQPYSQEGNKDLAFMDMKKLAQFLAGKPEHPMTRETLNAENIAKYAFRIVP* | Q77: =(O77-3)/3 -> 581 | R77: 62.25882 | S77: 1 | T77: 0 | U77: 1 | V77: 0
A78: 133 | B78: HopAB1g | C78: HopAB | D78: HopAB1 | E78: 20 | F78: PapICMP2814_HopAB1g_1 | J78: GGAACTCTTTCCTGCTCTTTTTCCACACA | K78: ATGGCGGGTATCAATAGAGCGGGGCCATCGGGCGCTTATTTTGTTGGCCACACAGACCCCGAGCCAGCATCGGGGGGCGCACACGGATCCAGCAGTGGCGCGAGATCCTCGAACAGTCCGCGCTTGCCGGCGCCTCCGGATGCACCCGCGTCGCAGGCGCGAGATCGACGCGAAATGCTTTTGCGAGCCAGGCCGCTGTCGCGCCAAACCAGGGAGTGGGTGGCGCAGGGTATGCCGCCAACGGCGGAGGCTGGAGTGCCCATCAGGCCGCAGGAGTCTGCCGAGGCTGCAGCGCCGCAGGCACGTGCAGAGGAAAGACACACGCCGGAGGCTGATGCAGCAGCGTCGCATGTACGCACAGAGGGAGGACGCACACCGCAGGCGCTTGCCGGTACCTCCCCACGCCACACAGGTGCGGTGCCACACGCCAATAGAATTGTTCAACAATTGGTTGACGCGGGCGCTGATCTTGCCGGTATTAACACCATGATTGACAATGCCATGCGTCGCCACGCGATAGCTCTTCCTTCTCGAACAGTACAGAGTATTTTGATCGAGCATTTCCCTCACCTGCTAGCGGGTGAACTCATTAGTGGCTCAGAGCTCGCTACCGCGTTCCGTGCGGCTCTCCGTCGGGAGGTTCGCCAACAGGAGGCGTCAGCCCCCCCAAGAACAGCAGCGCGGTCCTCCGTAAGGACGCCGGAGCGGTCGACGGTGCCGCCCACTTCTACGGAATCATCATCGGGCAGCAACCAGCGTACGTTATTAGGGCGGTTCGCCGGGTTGATGACGCCTAATCAGAGACGTCCGTCGAGCGCTTCGAACGCGTCTGCCTCTCAAAGGCCTGTAGACAGAAGCCCGCCACGCGTAAACCAGGTACCCACAGGCGCTAACAGGGTTGTGATGCGTAATCATGGTAATAACGAGGCCGACGCCGCGCTGCAAGGATTGGCTCAGCAGGGGGTTGATATGGAGGACCTGCGCGCCGCGCTTGAAAGACATATATTGCATCGCCGCCCGATCCCCATGGATATAGCGTACGCCTTGCAGGGTGTGGGCATTGCGCCAAGTATCGATACGGGAGAGAGCCTTATGGAAAACCCGCTGATGAATTTGAGTGTTGCGCTGCACCGCGCACTAGGGCCTCGTCCCGCTCGTGCTCAAGCGCCTCGTCCAGCCGTTCCGGTGGCTCCCGCGACCGTCTCCAGGCGACCAGATAGCGCGCGTGCCACAAGATTGCAGGTAATACCGGCGCGGGAGGATTACGAAAATAATGTGGCCTACGGAGTGCGCTTGCTGAGCCTGAATCCGGGCGCGGGGGTCAGGGAGACTGTTGCGGCCTTTGTAAACAACCGTTACGAGCGGCAGGCGGTTGTTGCCGACATACGCGCAGCCCTAAATTTATCTAAACAATTCAATAAGTTGCGTACGGTCTCTAAGGCCGATGCTGCCTCCAATAAACCGGGCTTCAAGGATGCGGCGGACCACCCAGACGACGCGACGCAATGCCTTTTTGGTGAAGAATTGTCGCTGACCAGTTCGGATCAGCAGGTGATCGGCCTGGCAGGTAAGGCAACGGACATGTCGGAGTCTTACAGCCGAGAGGCAAATAAGGACCTGGTGTTCATGGATATGAAAAAACTTGCCCAATTCCTCGCAGGCAAGCCTGAGCATCCGATGACCAGAGAAACGCTTAACGCCGAAAATATCGCCAAGTATGCTTTTAGAATAGTCCCCTGA | L78: GCGGCCGCAGTTACCTGGAGTAGTGTTGGCCAGGGTGTATAGGGAAAGGTGTGATGGAACTCTTTCCTGCTCTTTTTCCACACACAGCTGATCTTGCGGGTGATTCGGTCCGCAGGCAGAAGATCGGAGAGGATCAGCACATGGCGGGTATCAATAGAGCGGGGCCATCGGGCGCTTATTTTGTTGGCCACACAGACCCCGAGCCAGCATCGGGGGGCGCACACGGCTCCAGCAGTGGCGCGAGATCCTCGAACAGTCCGCGCTTGCCGGCGCCTCCGGATGCACCCGCGTCGCAGGCGCGAGATCGACGCGAAATGCTTTTGCGAGCCAGGCCGCTGTCGCGCCAAACCAGGGAGTGGGTGGCGCAGGGTATGCCGCCAACGGCGGAGGCTGGAGTGCCCATCAGGCCGCAGGAGTCTGCCGAGGCTGCAGCGCCGCAGGCACGTGCAGAGGAAAGACACACGCCGGAGGCTGATGCAGCAGCGTCGCATGTACGCACAGAGGGAGGACGCACACCGCAGGCGCTTGCCGGTACCTCCCCACGCCACACAGGTGCGGTGCCACACGCCAATAGAATTGTTCAACAATTGGTTGACGCGGGCGCTGATCTTGCCGGTATTAACACCATGATTGACAATGCCATGCGTCGCCACGCGATAGCTCTTCCTTCTCGAACAGTACAGAGTATTTTGATCGAGCATTTCCCTCACCTGCTAGCGGGTGAACTCATTAGTGGCTCAGAGCTCGCTACCGCGTTCCGTGCGGCTCTCCGTCGGGAGGTTCGCCAACAGGAGGCGTCAGCCCCCCCAAGAACAGCAGCGCGGTCCTCCGTAAGGACGCCGGAGCGGTCGACGGTGCCGCCCACTTCTACGGAATCATCATCGGGCAGCAACCAGCGTACGTTATTAGGGCGGTTCGCCGGGTTGATGACGCCTAATCAGAGACGTCCGTCGAGCGCTTCGAACGCGTCTGCCTCTCAAAGGCCTGTAGACAGAAGCCCGCCACGCGTAAACCAGGTACCCACAGGCGCTAACAGGGTTGTGATGCGTAATCATGGTAATAACGAGGCCGACGCCGCGCTGCAAGGATTGGCTCAGCAGGGGGTTGATATGGAGGACCTGCGCGCCGCGCTTGAAAGACATATATTGCATCGCCGCCCGATCCCCATGGATATAGCGTACGCCTTGCAGGGTGTGGGCATTGCGCCAAGTATCGATACGGGAGAGAGCCTTATGGAAAACCCGCTGATGAATTTGAGTGTTGCGCTGCACCGCGCACTAGGGCCTCGTCCCGCTCGTGCTCAAGCGCCTCGTCCAGCCGTTCCGGTGGCTCCCGCGACCGTCTCCAGGCGACCAGATAGCGCGCGTGCCACAAGATTGCAGGTAATACCGGCGCGGGAGGATTACGAAAATAATGTGGCCTACGGAGTGCGCTTGCTGAGCCTGAATCCGGGCGCGGGGGTCAGGGAGACTGTTGCGGCCTTTGTAAACAACCGTTACGAGCGGCAGGCGGTTGTTGCCGACATACGCGCAGCCCTAAATTTATCTAAACAATTCAATAAGTTGCGTACGGTCTCTAAGGCCGATGCTGCCTCCAATAAACCGGGCTTCAAGGATGCGGCGGACCACCCAGACGACGCGACGCAATGCCTTTTTGGTGAAGAATTGTCGCTGACCAGTTCGGATCAGCAGGTGATCGGCCTGGCAGGTAAGGCAACGGACATGTCGGAGTCTTACAGCCGAGAGGCAAATAAGGACCTGGTGTTCATGGATATGAAAAAACTTGCCCAATTCCTCGCAGGCAAGCCTGAGCATCCGATGACCAGAGAAACGCTTAACGCCGAAAATATCGCCAAGTATGCTTTTAGAATAGTCCCCGGCGCATACCCTTACGATGTTCCTGATTACGCATGATGTTCGAGCAGCCCGCCTAATGAGCGGGCTTTTTTTTGCGCGTAGCAGATGATGACAAGTCGCGGCCGC | M78: TGTTCGAG | N78: =LEN(L78) -> 1982 | O78: =LEN(K78) -> 1740 | P78: MAGINRAGPSGAYFVGHTDPEPASGGAHGSSSGARSSNSPRLPAPPDAPASQARDRREMLLRARPLSRQTREWVAQGMPPTAEAGVPIRPQESAEAAAPQARAEERHTPEADAAASHVRTEGGRTPQALAGTSPRHTGAVPHANRIVQQLVDAGADLAGINTMIDNAMRRHAIALPSRTVQSILIEHFPHLLAGELISGSELATAFRAALRREVRQQEASAPPRTAARSSVRTPERSTVPPTSTESSSGSNQRTLLGRFAGLMTPNQRRPSSASNASASQRPVDRSPPRVNQVPTGANRVVMRNHGNNEADAALQGLAQQGVDMEDLRAALERHILHRRPIPMDIAYALQGVGIAPSIDTGESLMENPLMNLSVALHRALGPRPARAQAPRPAVPVAPATVSRRPDSARATRLQVIPAREDYENNVAYGVRLLSLNPGAGVRETVAAFVNNRYERQAVVADIRAALNLSKQFNKLRTVSKADAASNKPGFKDAADHPDDATQCLFGEELSLTSSDQQVIGLAGKATDMSESYSREANKDLVFMDMKKLAQFLAGKPEHPMTRETLNAENIAKYAFRIVP* | Q78: =(O78-3)/3 -> 579 | R78: 61.96062 | S78: 1 | T78: 0 | U78: 1 | V78: 0
A79: 135 | B79: HopAB1d | C79: HopAB | D79: HopAB1 | E79: 35 | F79: Pta6606_HopAB1d_1 | J79: GGAACCTGTTCTTTCCTGATCGCCACACA | K79: ATGGTGGGTATCAATAGAGCGGGGCCATCGGGCGCTTATATTGCCGGGCACACAGACCACGAGCCTGCATCAGGGCGCGCACGCGAATCCAGCAGCGGTGCCAGCTCTTCGAACAGTCCGCAGGTGCCGCCGCCCCCTTCAGAGGCTTCCGCTTCGCAGGCGCGAGATCGGCGTGAGAGGCTTTTGCGGTCCAGACCGCTGTCGCGCGAAACCAGGGAGTGGCTGGAGCAGGGCATGCCGCCAACGGCGGAGGCTGAAGTGCGTAGCAGACCGCATGGGTCTGCCGATGCCGCAGCACCGCATGCACCTGCCGAGACAAGACCCAGGCCGCAGCACGCAGGGGTGACGGCACACGCCAATAGCATCGTTCAGCAATTGGTCAGCGCGGGCGCTGATCTTGCCCATACTCGTACCACGCTGCGCAATATCATGAGAGGCGAAGAGATGGCTCTTTCTAGAGCCGAACAGAGTATTTTGCGCGAGCATTTCCCTAACATGATTGCGACTGGAATCAACCCCCATTCAGAGCTCGCTATCGAGCTCCGTCATGCGCTCCGTAGAGCGGATCGCCAACAGGCGGCGTCAACTCCAGCAAGGACACCGACGCGGCCCCCGGCGGCCCGTACCCCTACGCAATCATCATCGAGTAGCAGCCAGCGTTCATTATTTGGGCGGTTCGCCCGGCTGATGACGCCTGATCAGAGACGTTCGTCAAACGCATCGACCTCTCAGACACCGGTAGACAGAAGCCCGCCACGCGTCAATCAGGTACCCATACGCCCCGACAGGGCTGCGATGCGTAATCGTGGCAATAACCAGGCCGCCGCAGCCTTGCAGGGATTGGTTCAACAAGGGGTCAATCTGGAAGACCTGCGCACGGCGCTTGAAAGACATCTATTGCGGCACCAACCGATCCCCTTGGATATAGCGTACGCGTTGCAGAGCGTGGGCATTCCCCCAAGTGTTGACACGGCTGAGAGCCTTGTGGAAAGCCCACTCATGGATTTGAGTGTTGCGCTGCACCGCGTGCTTGGGCCACGTCCCGTTAGTGCTCCGCCTCGCCCAGCCGTTCCGGTGCATCCTCCAGCTGCCTCCAGGCGACCAGATGGCGCGCGTTCCAGCGCATTGCGGGTAATTCCGGAGCGGGAGGATTATGAAAATAATGTGGCTTACGGAATGCGCTTGCTTAACCTGAACCCTGGGGTTGGAGTAAGGAGGGTTGTTGCAGCCTTTATAACCGATCCGGCGGACCGGCCGGCAGTTGTGGACGATATCCGCGCAGCCCGGGACCCTATAACCTCACAATTCAATCAACTGCGTACGGTCTCCAAGGCCGTTGTTGAATCCCAAAATCCGCCCTTCAGGGACGCGGAACACCATCACCCGGACGATGCGACCCATTGCCTTTTTGGTGAACCATTGTCGCTGGAAAATCCTGATCAGCAGGTGATCGGCCTGGCGGGGAATCCGACGGACACGTCGGAGCTTTACAGTCAGCAGGGAAATAAGGACCTGGTGTTCATGGATATGAAAAAACTTGCCCAATTCCTCGCAGGCAAGCCTGAGCATCCGATGAACAGACAACCGCTTGACGCCAGAACCATCGCTAACTACGCGTTTAGAATCGTGCCCTGA | L79: GCGGCCGCAGTTACCTGGAGTAGTGTTGGCCAGCGATTCCAGGGAGAAGCGGGGTGGAACCTGTTCTTTCCTGATCGCCACACATTGCTGATTTTGCGGGTGAGTCAGCCCGCAGCCAGAAAACCGCGGAGGATCAGCACATGGTGGGTATCAATAGAGCGGGGCCATCGGGCGCTTATATTGCCGGGCACACAGACCACGAGCCTGCATCAGGGCGCGCACGCGAATCCAGCAGCGGTGCCAGCTCTTCGAACAGTCCGCAGGTGCCGCCGCCCCCTTCAGAGGCTTCCGCTTCGCAGGCGCGAGATCGGCGTGAGAGGCTTTTGCGGTCCAGACCGCTGTCGCGCGAAACCAGGGAGTGGCTGGAGCAGGGCATGCCGCCAACGGCGGAGGCTGAAGTGCGTAGCAGACCGCATGGGTCTGCCGATGCCGCAGCACCGCATGCACCTGCCGAGACAAGACCCAGGCCGCAGCACGCAGGGGTGACGGCACACGCCAATAGCATCGTTCAGCAATTGGTCAGCGCGGGCGCTGATCTTGCCCATACTCGTACCACGCTGCGCAATATCATGAGAGGCGAAGAGATGGCTCTTTCTAGAGCCGAACAGAGTATTTTGCGCGAGCATTTCCCTAACATGATTGCGACTGGAATCAACCCCCATTCAGAGCTCGCTATCGAGCTCCGTCATGCGCTCCGTAGAGCGGATCGCCAACAGGCGGCGTCAACTCCAGCAAGGACACCGACGCGGCCCCCGGCGGCCCGTACCCCTACGCAATCATCATCGAGTAGCAGCCAGCGTTCATTATTTGGGCGGTTCGCCCGGCTGATGACGCCTGATCAGAGACGTTCGTCAAACGCATCGACCTCTCAGACACCGGTAGACAGAAGCCCGCCACGCGTCAATCAGGTACCCATACGCCCCGACAGGGCTGCGATGCGTAATCGTGGCAATAACCAGGCCGCCGCAGCCTTGCAGGGATTGGTTCAACAAGGGGTCAATCTGGAAGACCTGCGCACGGCGCTTGAAAGACATCTATTGCGGCACCAACCGATCCCCTTGGATATAGCGTACGCGTTGCAGAGCGTGGGCATTCCCCCAAGTGTTGACACGGCTGAGAGCCTTGTGGAAAGCCCACTCATGGATTTGAGTGTTGCGCTGCACCGCGTGCTTGGGCCACGTCCCGTTAGTGCTCCGCCTCGCCCAGCCGTTCCGGTGCATCCTCCAGCTGCCTCCAGGCGACCAGATGGCGCGCGTTCCAGCGCATTGCGGGTAATTCCGGAGCGGGAGGATTATGAAAATAATGTGGCTTACGGAATGCGCTTGCTTAACCTGAACCCTGGGGTTGGAGTAAGGAGGGTTGTTGCAGCCTTTATAACCGATCCGGCGGACCGGCCGGCAGTTGTGGACGATATCCGCGCAGCCCGGGACCCTATAACCTCACAATTCAATCAACTGCGTACGGTCTCCAAGGCCGTTGTTGAATCCCAAAATCCGCCCTTCAGGGACGCGGAACACCATCACCCGGACGATGCGACCCATTGCCTTTTTGGTGAACCATTGTCGCTGGAAAATCCTGATCAGCAGGTGATCGGCCTGGCGGGGAATCCGACGGACACGTCGGAGCTTTACAGTCAGCAGGGAAATAAGGACCTGGTGTTCATGGATATGAAAAAACTTGCCCAATTCCTCGCAGGCAAGCCTGAGCATCCGATGAACAGACAACCGCTTGACGCCAGAACCATCGCTAACTACGCGTTTAGAATCGTGCCCGGCGCATACCCTTACGATGTTCCTGATTACGCATGATTGTTTCACAGCCCGCCTAATGAGCGGGCTTTTTTTTGCGCGTAGCAGATGATGACAAGTCGCGGCCGC | M79: TTGTTTCA | N79: =LEN(L79) -> 1877 | O79: =LEN(K79) -> 1635 | P79: MVGINRAGPSGAYIAGHTDHEPASGRARESSSGASSSNSPQVPPPPSEASASQARDRRERLLRSRPLSRETREWLEQGMPPTAEAEVRSRPHGSADAAAPHAPAETRPRPQHAGVTAHANSIVQQLVSAGADLAHTRTTLRNIMRGEEMALSRAEQSILREHFPNMIATGINPHSELAIELRHALRRADRQQAASTPARTPTRPPAARTPTQSSSSSSQRSLFGRFARLMTPDQRRSSNASTSQTPVDRSPPRVNQVPIRPDRAAMRNRGNNQAAAALQGLVQQGVNLEDLRTALERHLLRHQPIPLDIAYALQSVGIPPSVDTAESLVESPLMDLSVALHRVLGPRPVSAPPRPAVPVHPPAASRRPDGARSSALRVIPEREDYENNVAYGMRLLNLNPGVGVRRVVAAFITDPADRPAVVDDIRAARDPITSQFNQLRTVSKAVVESQNPPFRDAEHHHPDDATHCLFGEPLSLENPDQQVIGLAGNPTDTSELYSQQGNKDLVFMDMKKLAQFLAGKPEHPMNRQPLDARTIANYAFRIVP* | Q79: =(O79-3)/3 -> 544 | R79: 59.19238 | S79: 1 | T79: 0 | U79: 1 | V79: 0
A80: 136 | B80: HopAB1a | C80: HopAB | D80: HopAB1 | E80: 129 | F80: PgyICMP2185_HopAB1a_1 | J80: GGAACCACTTATGTCCGATCGCCAACTCA | K80: ATGCCGGGTATCAACGGAGCAGGACCATCAAATTTTTTTTGGCAGTGGCGCACAGACGGCGAGCCAGTAACTGAGCGCGAACATGACTCCAGTCGCAGTGCCAGCTCGGCGAACAGTCCGGAGTTGCCGCCGCCCGCATCTCCTGCGGAATCCGGACGCCAGAGGTTGCTACGATCCAGCGCGTTGTCGCGGCAAACCAGAGAATGGCTGGAGGCAACGCCTGCCCGTGTCCAAGGCGCCACTCCGCCCGCAGAAGCCAGGCAGTCGCCTGAGGCACAACAGGCAGAGCGCATCGTTCAGGAGTTGGTCAGGGGAGGCGCTGATCTTAATAATGTTCGCACCATGCTCAGAAATGTAATGGATAACAACGCCGTAGCTTTTTCTCGAGTCGAACGGGATATCTTGCTTCAACATTTTCCTAACATGCCTATGACTGGAATCAGCAGCGACTCGGTGCTCGCTAACGAGCTCCGACAGAGGCTTCGTCAAACGGTCCGCCAACAAAGAATACAATCGTCAACGCCTGCCCGCCTCGCAGACTCATCATCAGGAAGCAGCCAGCGTTCGTTAATTGGGCGGTCCACTATGTTGATGACACCGGGCCGAAGCTCGTCTTCGAGCGCGGCGGCTTCTAGAACATCGGTCGACAGGCATCCTCAAGGCCTGGACCTGGAATCAGCACGCCTCGCCAGTGCTGCGAGGCATAATCATAGTGCCAACCAGACTAACGAAGCACTGCGCAGATTGACTCAAGAGGGAGTGGACATGGAGCGCCTGCGCACCTCTCTTGGTCGCTATATAATGTCGCTTGAACCGCTACCCCCAGATTTGAGGCGCGCGTTAGAAAGTGTAGGCATTAATCCCTTTATACCAGAGGAGTTGAGCTTGGTGGATCACCCCGTGTTGAACTTCAGTGCTGCGCTGAACCGCATGCTCGCTTCGCGTCAGACCACTACGAACAGTCCGGAATTGCCGCCGCTCGCATCTTCTGCGGAATCCGGACGCCGGAGGCTGCTACGTTCCCCACCGTTGTTGTCTGGCCAAAGAGAATGGATTGAGCAGAGCATGCGGCAAGAAGCAGAGCCTCAATCCTCACGCCTCAATAGGGCTGTAAGATTGGCGGTGATGCCACCGCAGAATGAAAATGAAGATAATGTGGCTTACGCAATACGCTTGCGTAGACTGAACCCGGGGGCGGATGTAAGTAGGGTAGTTGCATCCTTTATAACTGACCCGGCGGCTCGACAGCAAGTTGTGAATGATATCCGCGCAGCCTTGGATATAGCTCCACAATTTAGTCAATTGCGTACAATCTCGAAGGCAGATGCTGAATCTGAAGAGTTGGGTTTCAGAGATGCGGCAGATCACCCCGACAACGCGACGTCCTGCCTTTTTGGTGAAGAATTGTCACTGAGTAATCCGGATCAGCAGGTAATCGGTCTAGCGGTTAATCCGACGGATAAGCCGCAGCCTTACAGCCAAGAGGTAAACAAGGCTCTTACATTCATGGATATGAAAAAACTTGCCCAATACCTGGCAGACAAGCCCGAGCATCCGCTGAACAGACAAAGGCTTGATGCCAAAAATATCGCTAAGTACGCTTTTAAAATTGTTCCATGA | L80: GCGGCCGCAGTTACCTGGAGTAGTGTTGGCTATCGACCCCACATGCATCAGTAGTGGAACCACTTATGTCCGATCGCCAACTCATGTCCAATTGCCGAAGCCGGAACAGTTCGCAACCATGAGATCAGGAGTGGAGAGTCTATATGCCGGGTATCAACGGAGCAGGACCATCAAATTTTTTTTGGCAGTGGCGCACAGACGGCGAGCCAGTAACTGAGCGCGAACATGACTCCAGTCGCAGTGCCAGCTCGGCGAACAGTCCGGAGTTGCCGCCGCCCGCATCTCCTGCGGAATCCGGACGCCAGAGGTTGCTACGATCCAGCGCGTTGTCGCGGCAAACCAGAGAATGGCTGGAGGCAACGCCTGCCCGTGTCCAAGGCGCCACTCCGCCCGCAGAAGCCAGGCAGTCGCCTGAGGCACAACAGGCAGAGCGCATCGTTCAGGAGTTGGTCAGGGGAGGCGCTGATCTTAATAATGTTCGCACCATGCTCAGAAATGTAATGGATAACAACGCCGTAGCTTTTTCTCGAGTCGAACGGGATATCTTGCTTCAACATTTTCCTAACATGCCTATGACTGGAATCAGCAGCGACTCGGTGCTCGCTAACGAGCTCCGACAGAGGCTTCGTCAAACGGTCCGCCAACAAAGAATACAATCGTCAACGCCTGCCCGCCTCGCAGACTCATCATCAGGAAGCAGCCAGCGTTCGTTAATTGGGCGGTCCACTATGTTGATGACACCGGGCCGAAGCTCGTCTTCGAGCGCGGCGGCTTCTAGAACATCGGTCGACAGGCATCCTCAAGGCCTGGACCTGGAATCAGCACGCCTCGCCAGTGCTGCGAGGCATAATCATAGTGCCAACCAGACTAACGAAGCACTGCGCAGATTGACTCAAGAGGGAGTGGACATGGAGCGCCTGCGCACCTCTCTTGGTCGCTATATAATGTCGCTTGAACCGCTACCCCCAGATTTGAGGCGCGCGTTAGAAAGTGTAGGCATTAATCCCTTTATACCAGAGGAGTTGAGCTTGGTGGATCACCCCGTGTTGAACTTCAGTGCTGCGCTGAACCGCATGCTCGCTTCGCGTCAGACCACTACGAACAGTCCGGAATTGCCGCCGCTCGCATCTTCTGCGGAATCCGGACGCCGGAGGCTGCTACGTTCCCCACCGTTGTTGTCTGGCCAAAGAGAATGGATTGAGCAGAGCATGCGGCAAGAAGCAGAGCCTCAATCCTCACGCCTCAATAGGGCTGTAAGATTGGCGGTGATGCCACCGCAGAATGAAAATGAAGATAATGTGGCTTACGCAATACGCTTGCGTAGACTGAACCCGGGGGCGGATGTAAGTAGGGTAGTTGCATCCTTTATAACTGACCCGGCGGCTCGACAGCAAGTTGTGAATGATATCCGCGCAGCCTTGGATATAGCTCCACAATTTAGTCAATTGCGTACAATCTCGAAGGCAGATGCTGAATCTGAAGAGTTGGGTTTCAGAGATGCGGCAGATCACCCCGACAACGCGACGTCCTGCCTTTTTGGTGAAGAATTGTCACTGAGTAATCCGGATCAGCAGGTAATCGGTCTAGCGGTTAATCCGACGGATAAGCCGCAGCCTTACAGCCAAGAGGTAAACAAGGCTCTTACATTCATGGATATGAAAAAACTTGCCCAATACCTGGCAGACAAGCCCGAGCATCCGCTGAACAGACAAAGGCTTGATGCCAAAAATATCGCTAAGTACGCTTTTAAAATTGTTCCAGGCGCATACCCTTACGATGTTCCTGATTACGCATGAGGTGGGGTCAGCCCGCCTAATGAGCGGGCTTTTTTTTGCGCGTAGCAGATGATGACAAGTCGCGGCCGC | M80: GGTGGGGT | N80: =LEN(L80) -> 1865 | O80: =LEN(K80) -> 1620 | P80: MPGINGAGPSNFFWQWRTDGEPVTEREHDSSRSASSANSPELPPPASPAESGRQRLLRSSALSRQTREWLEATPARVQGATPPAEARQSPEAQQAERIVQELVRGGADLNNVRTMLRNVMDNNAVAFSRVERDILLQHFPNMPMTGISSDSVLANELRQRLRQTVRQQRIQSSTPARLADSSSGSSQRSLIGRSTMLMTPGRSSSSSAAASRTSVDRHPQGLDLESARLASAARHNHSANQTNEALRRLTQEGVDMERLRTSLGRYIMSLEPLPPDLRRALESVGINPFIPEELSLVDHPVLNFSAALNRMLASRQTTTNSPELPPLASSAESGRRRLLRSPPLLSGQREWIEQSMRQEAEPQSSRLNRAVRLAVMPPQNENEDNVAYAIRLRRLNPGADVSRVVASFITDPAARQQVVNDIRAALDIAPQFSQLRTISKADAESEELGFRDAADHPDNATSCLFGEELSLSNPDQQVIGLAVNPTDKPQPYSQEVNKALTFMDMKKLAQYLADKPEHPLNRQRLDAKNIAKYAFKIVP* | Q80: =(O80-3)/3 -> 539 | R80: 59.57478 | S80: 1 | T80: 0 | U80: 1 | V80: 0
A81: 137 | B81: HopAB1o | C81: HopAB | D81: HopAB1 | E81: 9 | F81: PspICMP16928_HopAB1o_1 | J81: GAAACCGTGTTGCCCACTTGCAGACCGA | K81: ATGGCGGGTATCAATAGAGCGGGACCATCGGGCGCTTATTTTGTTGGCCACACAGACCCCGAGCCAGCATCGGGGGGCGCACACGGATCCAGCAGTGGCGCGAGCTCCTCGAACAGTCCGCGCTTGCCGGCGCCTCCGGATGCACCCGCGTCGCAGGCGCGAGATCGACGCGAAATGCTTTTGCGAGCCAGGCCGCTGTCGCGCCAAACCAGGGAGTGGGTGGCGCAGGGTATGCCGCCAACGGCGGAGGCTGGAGTGCCCATCAGGCCGCAGGAGTCTGCCGAGGCTGCAGCGCCGCAGGCACGTGCAGAGGCAGGCCATACGCCGGAGCACCCAGCTGATACCGCAAGGCCGCACGCGCGTGCAAACGCAAGGGGTGTGCCAGAGGAGCACGCCGATGCTGATGCCGCAGCGCCGGGTACACGTGCAGAGACAAGACGTACGCCGCGGCACGTGGGGGCGACGGCACACGCCAACAGCATCGTTCAGCAGTTGGTCAGCGCGGGCGCCAATCCTGCTCATACTCGTGTCATGTTTCGCAATGCCATGAGAGGTGATGCGGTAGCTTTTTCTCGAACCGAAGAGCATATTTTGCTCGAGCATTTCCCGGACATGCGAGCGACTGGAATCAACCGCCACTCAGAGCTCGCTATCGAGCTCCGTGGGGCGCTCCATAGAGCTGATCGCCAACAGGCGGCATCAGCACCAGCAAGAACACCTGCACGGTCGCCAGCAAGGACACCGGAGAGGTCGCCGGCGCCGCCCACACCCACGCAATCATCATCGGCGAGCAGTCAGCGTTCATTATTTGGAAGGTTAGCCCGGATGATGGCGCCCAATCAGGGGCGTTCGTCAGGCGCTTCAAGCGCGTCTACTTCTCAGATGCCTGCAGACAGGAGCCCGCCACGCGTCAACCAAAGACCCATACGTGTCGACAGGGTTGTGATGCGTAATCGTGGCAATAACGATGCCGACGCCGCGCTGCAGCAATTGACTCAACAAGGGGTCGGTATGGAGGACCTGCGCGCAGCCCTTGAAATACACATAATGCGCCGCCGCCCGTTGCCCAATGATATAGCGCGAGCGTTGCAGAGCGTGGGTATTAACCCAAGTGTCGACTTCGGGGAGAGTCTCGTGGAACACCCTCTGCTGAATTTGAGTGCTGCGCTGGGCCGCAGGCTGAGGCAGGGTTCCACGGCGGTTCAAGAGCCTGATCCGGTTGCGGTTGCGATAACGTCACAATTCGATAAGTTGCGTACGGTCTCTAAGGCCGATGCTGCCTCCAATAAACCGGGCTTCAAGGATCTGGCGGACCACCCAGACGACGCGACGCAATGCCTTTTTGGTGAAGAATTGTCGCTGACCAGTTCGGTTCAGCAGGTGATCGGCCTGGCAGGTAAGGCAACGGACATGTCGGAGTCTTACAGCCGAGAGGCAAATAAGGACCTGGTGTTCATGGATATGAAAAAACTTGCCCAATTCCTCGCAGGCAGGCCTGAGCATCCAATGAACAGAGGAACGCTTAACGCCGAAAATATCGCCAAGTATGCTTTTAGAATAGTCCCCTGA | L81: GCGGCCGCAGTTACCTGGAGTAGTGTTGGCGATGGTTTCCACCAGCACGGCCCCGGAAACCGTGTTGCCCACTTGCAGACCGATCAGCGTCAACAGCGGCAGGGCGGCGTTCTTGAACGCATGGCGGGCCTGAACCTGCGCGCGGGTCAGGCCTTTGGCGTAGGCGGTAATGATGTAGGGTTCTTTCCACACGCCCTGAAAGCCGCGTTGCAGGACCTGCGCGTACACCGCAGCGCTGGGGATCGCCAGCGTGACGGCGGGCAGGATCAGGCTGGCGAAGCCCTGATTGCCGGTCGCCGGGAACCAGCCAAGGCTGAACGCGAACAACTGGATGAACAGCAGGCCCATCCAGAACACCGGCACCGAGAAGCCCAGCGACGGCAAGCGTGACAGCGCCACTTTCAGCGGCTGCCAGCGCACGTAGGCGGTGAGGTACGCCAGACCGATCCCGCCGATCAGCGACAGCACGATAGCCAGGCCCGCCAGGCTCAGGGTTTGCGGCAGACGCTCGACCAGCAGTTCCGAGACCGGGCGGTTGAGGGTCAGCGAATTGCCAAAATCGCCGTGAATCGCGCCCCACAACAGGTCGAAGTATTGCTCGAAAACCCCGCGATCCAGCCCGTAATACAACTTGGCCTTGGCAAGGTCCTGCGCGGACAGCGAGTCGATTTCAACACCGGAAGCGCTGAGCATGATCGACAGCGTGTCACCGGGCAGCAGGTACAGAATGAAATAGGTGATGCTGTAGGCACCCCAGAGCACCAGCAACGCCTGCGCGATTCGGCCGAGGATATAACGGCTCATGGCGCTGCGATCTCGATGTCGTTGAACAGCGCGAACCCTTCGGCGGTCCAGTGGAAGTTACGCACGTTTTTTGCCGTGGCGGCTTGCCAGACTCGCTCATAGACCGGGAATGCCGAACCTTCGTCGATCAGCAAATCCTGCAAGTCGCCATAGGCTTTTGCGCGCTGCTCGCTGCGCGTGGCGGTCAGTCCGGCATCGAACAATTCCAAGGCCTTTGACAGCGTTTGCGGGGCGTAAAGGTTGGTGGCCAGCGTCGAACTGTTGGCGCTGCGTGGGTCAATAATGGTCTGCAGGATAATCGGGTCGGCGCGGGTCATGTAGTTGTAGGTCAGGTCGTAGTTGCCTGCGGCATTGTTCGCGGCCCACTCGGCGGTGGTGACCACGTTGAGCTTGAGCTCGATACCGACCTTGCGCAGTTGATCCTGGATCAGCACGTCACCAGCGGTTTCGGCGGGCGAAAGGTTGTAAGCCAGTTTCAGGCGCTTGCCGTCCTTGTAGCGATAGCCGTCGGCGTTTTTCGCCCAACCAGCCTCGTCGAGCAGGCGTTCGGCCCCTTTAGGGTCGTAGGCCAGTTTGTCAGCCTGGTTTTTGTAAAACGGTGTGGTGACATCGTAGATGCCCGAAACCACCGGGAACTGCGGGTTGTAAACCGTGGCTGCATAGGTTTTGCGGTCAATGGCCTTTTGCAGGGCCAGACGCACGTTGCGGTCGGCGAGGATGCGATTGCCACGGGTGTTGGGGTACATGTTCAGGGCCGGCCCTGGCAGTGAACGGCTCTGGATGGTCGCGCCCCTGGATTTGAACAGGTTCAGATCGACCTCGGAAAACGGGTTGCGCGGCCAGAGAATATCCACCTGGCCCTGAACGAACTGGCCGTTGCGCACACTTTCTTCCGGCACATAGCTGACGTCGACTGCATCCAGATGCGCCTCGCCCTTGTTTTGTGCGTTGGCTGATGGCCACGCATAGCCCTTGCGCTTGGTCAGACGCAGGCCGCTCTCCGGGGTGTAGCGCTCCAGCACGAACGGTCCGGTGCCGATGATCGCGCCCAATGAACGCTCCTTGACGCTGAGTGCGTAGGACTGCGGGGCGAGTATGGCGAGGTTGGTGGTGGAGGTGGCTTGCAGGAACCCGGCATTGGGTTTGGCCAGCACCAGCTTGACGGTGAAATCATCCAGCACTTGAGCGTGGTCGTAGCCTTTCAGGTAGGTCGCGCCAAAGGTGGCCGGTAACTGGTCGGCGAACGCCTTGTTGGTGTCATAGGCGGTCTTTACGGCCTGGGCATCGAAGCGCGTGCCATTGCTGAACGTCACGTCCTTGCGCAAGTGAAAGGTGTACTCCAGCGCGTTGTCACTGACGTCCCAGCGTTCTGCCAGCCAGGGAATGATGTTGCCGTTCTGCGGGTTCTGATCGGTCAGCGACTCGGCGACGTTACGCAGCACCACTCGGTGCTCCAGCCAGTACACCTGGAACGGGTCAAGGCTGACCAGCGTGGTATTGTCTCTGAAAAAAGTGACCTTGAGTGTCTTGCCAGCCTGGCTGTCCTGGCCCGGAGGCGAACAGCCGAGCAGGGTGACAGTAATAGCGGCGAACAGCAGGCGCGTGAGGAGAGGGCGCACGCTCATCGTGCTGCCCTCCGATACACGAATCCGTTTGGGAATGTCGAAGGTTGAGTGCGGGGCATGGAAAAATCCTCTTCAAGTCGAGCGCAGCGCTCCAGCTGGTTTTAAGACCGTATTCTTATGGAAGGGCACTGTAAAAGTCTTTTTTCTTCTAAGCTAATATAGGTTTTTGTGATTTATTTGGTAATTAATTATGCTTTATTGGTATTTTTAGAGGGTGGGTCTGGTTGTGTGGTGTACGTTCCCCTGGGTGTATAGGGAAAGGTGTGGTAGAACTCTTTCCTGCTCTTTTTCCACACAGCGCTGATATTGCGGGTGATTCGGTCCGCAGGCAGAAGATCGGATAGGATCAGCACATGGCGGGTATCAATAGAGCGGGACCATCGGGCGCTTATTTTGTTGGCCACACAGACCCCGAGCCAGCATCGGGGGGCGCACACGGCTCCAGCAGTGGCGCGAGCTCCTCGAACAGTCCGCGCTTGCCGGCGCCTCCGGATGCACCCGCGTCGCAGGCGCGAGATCGACGCGAAATGCTTTTGCGAGCCAGGCCGCTGTCGCGCCAAACCAGGGAGTGGGTGGCGCAGGGTATGCCGCCAACGGCGGAGGCTGGAGTGCCCATCAGGCCGCAGGAGTCTGCCGAGGCTGCAGCGCCGCAGGCACGTGCAGAGGCAGGCCATACGCCGGAGCACCCAGCTGATACCGCAAGGCCGCACGCGCGTGCAAACGCAAGGGGTGTGCCAGAGGAGCACGCCGATGCTGATGCCGCAGCGCCGGGTACACGTGCAGAGACAAGACGTACGCCGCGGCACGTGGGGGCGACGGCACACGCCAACAGCATCGTTCAGCAGTTGGTCAGCGCGGGCGCCAATCCTGCTCATACTCGTGTCATGTTTCGCAATGCCATGAGAGGTGATGCGGTAGCTTTTTCTCGAACCGAAGAGCATATTTTGCTCGAGCATTTCCCGGACATGCGAGCGACTGGAATCAACCGCCACTCAGAGCTCGCTATCGAGCTCCGTGGGGCGCTCCATAGAGCTGATCGCCAACAGGCGGCATCAGCACCAGCAAGAACACCTGCACGGTCGCCAGCAAGGACACCGGAGAGGTCGCCGGCGCCGCCCACACCCACGCAATCATCATCGGCGAGCAGTCAGCGTTCATTATTTGGAAGGTTAGCCCGGATGATGGCGCCCAATCAGGGGCGTTCGTCAGGCGCTTCAAGCGCGTCTACTTCTCAGATGCCTGCAGACAGGAGCCCGCCACGCGTCAACCAAAGACCCATACGTGTCGACAGGGTTGTGATGCGTAATCGTGGCAATAACGATGCCGACGCCGCGCTGCAGCAATTGACTCAACAAGGGGTCGGTATGGAGGACCTGCGCGCAGCCCTTGAAATACACATAATGCGCCGCCGCCCGTTGCCCAATGATATAGCGCGAGCGTTGCAGAGCGTGGGTATTAACCCAAGTGTCGACTTCGGGGAGAGTCTCGTGGAACACCCTCTGCTGAATTTGAGTGCTGCGCTGGGCCGCAGGCTGAGGCAGGGTTCCACGGCGGTTCAAGAGCCTGATCCGGTTGCGGTTGCGATAACGTCACAATTCGATAAGTTGCGTACGGTCTCTAAGGCCGATGCTGCCTCCAATAAACCGGGCTTCAAGGATCTGGCGGACCACCCAGACGACGCGACGCAATGCCTTTTTGGTGAAGAATTGTCGCTGACCAGTTCGGTTCAGCAGGTGATCGGCCTGGCAGGTAAGGCAACGGACATGTCGGAGTCTTACAGCCGAGAGGCAAATAAGGACCTGGTGTTCATGGATATGAAAAAACTTGCCCAATTCCTCGCAGGCAGGCCTGAGCATCCAATGAACAGAGGAACGCTTAACGCCGAAAATATCGCCAAGTATGCTTTTAGAATAGTCCCCGGCGCATACCCTTACGATGTTCCTGATTACGCATGACTTTGTCCCAGCCCGCCTAATGAGCGGGCTTTTTTTTGCGCGTAGCAGATGATGACAAGTCGCGGCCGC | M81: CTTTGTCC | N81: =LEN(L81) -> 4453 | O81: =LEN(K81) -> 1569 | P81: MAGINRAGPSGAYFVGHTDPEPASGGAHGSSSGASSSNSPRLPAPPDAPASQARDRREMLLRARPLSRQTREWVAQGMPPTAEAGVPIRPQESAEAAAPQARAEAGHTPEHPADTARPHARANARGVPEEHADADAAAPGTRAETRRTPRHVGATAHANSIVQQLVSAGANPAHTRVMFRNAMRGDAVAFSRTEEHILLEHFPDMRATGINRHSELAIELRGALHRADRQQAASAPARTPARSPARTPERSPAPPTPTQSSSASSQRSLFGRLARMMAPNQGRSSGASSASTSQMPADRSPPRVNQRPIRVDRVVMRNRGNNDADAALQQLTQQGVGMEDLRAALEIHIMRRRPLPNDIARALQSVGINPSVDFGESLVEHPLLNLSAALGRRLRQGSTAVQEPDPVAVAITSQFDKLRTVSKADAASNKPGFKDLADHPDDATQCLFGEELSLTSSVQQVIGLAGKATDMSESYSREANKDLVFMDMKKLAQFLAGRPEHPMNRGTLNAENIAKYAFRIVP* | Q81: =(O81-3)/3 -> 522 | R81: 55.82141 | S81: 1 | T81: 0 | U81: 0 | V81: 0
A82: 138 | B82: HopAB1n | C82: HopAB | D82: HopAB1 | E82: 10 | F82: Psy1212_HopAB1n_1 | J82: GGAACCTTTCTTGTCCGATCGCCGACTCA | K82: ATGTCGGGTATCAACGGAGCAGGGCCATCAAACTTTTTTTGGCGTTGGCGCGCAGACGACGAGCCAGTAACGGAGCGCGAACGTGACTCCAGTAGCGGTGCGAACTTGACGAACAGTCCGCAGTTGCGGCCCGAATCCCCGACAGTATCCGGGAGGAGGCTGCTACGATCCAACGCGTTGTCGCGACAAACCAGAGAATGGCAGGAGACGACGTCTGCCAGTGCCGAGCGTGCCACTCCGCCTGTAGAGCCCAGGCAGCCGCCGGAGGCACAACCGGCAGAGCGCATCGTTGCAGAGCGCATCGTTCAGGAGTTGGTCAGGGCGGGCGCTAATCTTAATAGTGTTCGCACCATGCTCAGAAATGTAATGGATAACAACGCGGTAGCTTTTTCTCGAGTCGAATGGAATATCTTGCTTCAGCATTTTCCTGACATGCATACGAATGGAATCAGCAGTGATTCGGTGCTCGCTAACGAGCTCCGTCAAACGCTTCGTCAGGTGGTTCACCAACAGAGAACTCAGAGAGCGTTAGCACCGATACTTTCGCCAGCCCCTTCCCGCCCCGTAGCTTCATCATCGAGAAGCAGTCAGCGTACGTTACTTGGGCGGTTCACTGGATGGATGGCACCGCGTCAAACATCGTCTTCGAGCCAGGCGACTTCTAGTACATCGGTCGACAGGCATCCTCAAGACCTCAACCAGCTGGAGTCACTACGCCTCGCCGATGCTGAGAGGCGTAATCGTAGTGCCAACCAGACTGACACTGACGAAGCCCTGCGCAGATTGACTCAAGCGGGAGTGGATATGGAGCGCCTGAGCACCTCCCTTGGCCGCTATATACATTCGTTTCAACCGGCACCCCCAGATTTGAGGCGCGTGTTAGAAAGTGTGGGCATTGACCCCGATATACCAGAGGAGTTGACCTTGGTGAATAACCCCGTATTGAACCTCAATGTTGCGCTGAATCGCATGCTGGCGTCGCGTCAGGCCACTACCGAGTCGAGCTCGGTCTTCCCAAGCCGAGCAGGTGACACGCGTGTCAGGACGTTGCCGGTAATGCCGGAGCGGGAGGACAACGAAAATAACGTTGCTTACGGAGTGCGTTTGCTTAGGCTGAACCCTGAAGCGGAGGTAGAAAGGGTCGTTGAAGCCTTTATAACCGACCCGTCGTCTCGGCCGGAAGTTGTGGCCGACATCCACGCAGTACTACGCTCTATCACTTCACAATTCAGACAACTGCGTACGATTTCGAAGGCCGATGCTGAGTCTCAGGACTTCAGGGATGCGGCAGATTACCCGGACGACCCGACGTCTTGCCTTTTTGGTGAAGATTTGTCACTGAGTAATCCGCATCAGCAGGTGATCGGCCTGGCGGGTGAATCGACAGACATATTGCAGCCTTATAGCCAAGAGGGAAATAAAGCCCTGAGGTTCATGGATATGAAGAAACTTGCTGAACACCTAGCGAGCAAACCTGTGCATCCCATGAACAGAGACAGGCTTGACGACAAAAATATCGCTGGTTATGCCTTTAGAGTCGTTCCTGACTGA | L82: GCGGCCGCAGTTACCTGGAGTAGTGTTGGCTCGCCAGACCCCGATACGCATCAGTGGAACCTTTCTTGTCCGATCGCCGACTCATGTCCAATTGCGGAGGACGGAACAGTCCGCAGCCATGAAATCATGAGTGGAGAGTCTATATATGTCGGGTATCAACGGAGCAGGGCCATCAAACTTTTTTTGGCGTTGGCGCGCAGACGACGAGCCAGTAACGGAGCGCGAACGTGACTCCAGTAGCGGTGCGAACTTGACGAACAGTCCGCAGTTGCGGCCCGAATCCCCGACAGTATCCGGGAGGAGGCTGCTACGATCCAACGCGTTGTCGCGACAAACCAGAGAATGGCAGGAGACGACGTCTGCCAGTGCCGAGCGTGCCACTCCGCCTGTAGAGCCCAGGCAGCCGCCGGAGGCACAACCGGCAGAGCGCATCGTTGCAGAGCGCATCGTTCAGGAGTTGGTCAGGGCGGGCGCTAATCTTAATAGTGTTCGCACCATGCTCAGAAATGTAATGGATAACAACGCGGTAGCTTTTTCTCGAGTCGAATGGAATATCTTGCTTCAGCATTTTCCTGACATGCATACGAATGGAATCAGCAGTGATTCGGTGCTCGCTAACGAGCTCCGTCAAACGCTTCGTCAGGTGGTTCACCAACAGAGAACTCAGAGAGCGTTAGCACCGATACTTTCGCCAGCCCCTTCCCGCCCCGTAGCTTCATCATCGAGAAGCAGTCAGCGTACGTTACTTGGGCGGTTCACTGGATGGATGGCACCGCGTCAAACATCGTCTTCGAGCCAGGCGACTTCTAGTACATCGGTCGACAGGCATCCTCAAGACCTCAACCAGCTGGAGTCACTACGCCTCGCCGATGCTGAGAGGCGTAATCGTAGTGCCAACCAGACTGACACTGACGAAGCCCTGCGCAGATTGACTCAAGCGGGAGTGGATATGGAGCGCCTGAGCACCTCCCTTGGCCGCTATATACATTCGTTTCAACCGGCACCCCCAGATTTGAGGCGCGTGTTAGAAAGTGTGGGCATTGACCCCGATATACCAGAGGAGTTGACCTTGGTGAATAACCCCGTATTGAACCTCAATGTTGCGCTGAATCGCATGCTGGCGTCGCGTCAGGCCACTACCGAGTCGAGCTCGGTCTTCCCAAGCCGAGCAGGTGACACGCGTGTCAGGACGTTGCCGGTAATGCCGGAGCGGGAGGACAACGAAAATAACGTTGCTTACGGAGTGCGTTTGCTTAGGCTGAACCCTGAAGCGGAGGTAGAAAGGGTCGTTGAAGCCTTTATAACCGACCCGTCGTCTCGGCCGGAAGTTGTGGCCGACATCCACGCAGTACTACGCTCTATCACTTCACAATTCAGACAACTGCGTACGATTTCGAAGGCCGATGCTGAGTCTCAGGACTTCAGGGATGCGGCAGATTACCCGGACGACCCGACGTCTTGCCTTTTTGGTGAAGATTTGTCACTGAGTAATCCGCATCAGCAGGTGATCGGCCTGGCGGGTGAATCGACAGACATATTGCAGCCTTATAGCCAAGAGGGAAATAAAGCCCTGAGGTTCATGGATATGAAGAAACTTGCTGAACACCTAGCGAGCAAACCTGTGCATCCCATGAACAGAGACAGGCTTGACGACAAAAATATCGCTGGTTATGCCTTTAGAGTCGTTCCTGACGGCGCATACCCTTACGATGTTCCTGATTACGCATGAAGCGGCTTCAGCCCGCCTAATGAGCGGGCTTTTTTTTGCGCGTAGCAGATGATGACAAGTCGCGGCCGC | M82: AGCGGCTT | N82: =LEN(L82) -> 1798 | O82: =LEN(K82) -> 1551 | P82: MSGINGAGPSNFFWRWRADDEPVTERERDSSSGANLTNSPQLRPESPTVSGRRLLRSNALSRQTREWQETTSASAERATPPVEPRQPPEAQPAERIVAERIVQELVRAGANLNSVRTMLRNVMDNNAVAFSRVEWNILLQHFPDMHTNGISSDSVLANELRQTLRQVVHQQRTQRALAPILSPAPSRPVASSSRSSQRTLLGRFTGWMAPRQTSSSSQATSSTSVDRHPQDLNQLESLRLADAERRNRSANQTDTDEALRRLTQAGVDMERLSTSLGRYIHSFQPAPPDLRRVLESVGIDPDIPEELTLVNNPVLNLNVALNRMLASRQATTESSSVFPSRAGDTRVRTLPVMPEREDNENNVAYGVRLLRLNPEAEVERVVEAFITDPSSRPEVVADIHAVLRSITSQFRQLRTISKADAESQDFRDAADYPDDPTSCLFGEDLSLSNPHQQVIGLAGESTDILQPYSQEGNKALRFMDMKKLAEHLASKPVHPMNRDRLDDKNIAGYAFRVVPD* | Q82: =(O82-3)/3 -> 516 | R82: 57.56616 | S82: 1 | T82: 0 | U82: 1 | V82: 0
